<?xml version="1.0"?>
<!--Election result snapshot imported from Tabulation System
-->
<ElectionResult>
    <Timestamp>2/21/2023 10:00:50 AM EST</Timestamp>
    <ElectionName>2023 Special Election - PA 34th District</ElectionName>
    <ElectionDate>1/17/2023</ElectionDate>
    <Region>Allegheny</Region>
    <VoterTurnout totalVoters="48889" ballotsCast="11757" voterTurnout="24.05">
        <Precincts>
            <Precinct name="Braddock Ward 1" totalVoters="446" ballotsCast="77" voterTurnout="17.26" percentReporting="4" />
            <Precinct name="Braddock Ward 2" totalVoters="572" ballotsCast="82" voterTurnout="14.34" percentReporting="4" />
            <Precinct name="Braddock Ward 3" totalVoters="398" ballotsCast="41" voterTurnout="10.30" percentReporting="4" />
            <Precinct name="Braddock Hl Dist 1" totalVoters="757" ballotsCast="159" voterTurnout="21.00" percentReporting="4" />
            <Precinct name="Braddock Hl Dist 2" totalVoters="509" ballotsCast="164" voterTurnout="32.22" percentReporting="4" />
            <Precinct name="Chalfant Dist 1" totalVoters="573" ballotsCast="127" voterTurnout="22.16" percentReporting="4" />
            <Precinct name="Churchill Dist 1" totalVoters="711" ballotsCast="250" voterTurnout="35.16" percentReporting="4" />
            <Precinct name="Churchill Dist 2" totalVoters="689" ballotsCast="239" voterTurnout="34.69" percentReporting="4" />
            <Precinct name="Churchill Dist 3" totalVoters="644" ballotsCast="200" voterTurnout="31.06" percentReporting="4" />
            <Precinct name="Churchill Dist 4" totalVoters="680" ballotsCast="213" voterTurnout="31.32" percentReporting="4" />
            <Precinct name="E Pittsburgh Ward 1" totalVoters="340" ballotsCast="43" voterTurnout="12.65" percentReporting="4" />
            <Precinct name="E Pittsburgh Ward 2" totalVoters="380" ballotsCast="32" voterTurnout="8.42" percentReporting="4" />
            <Precinct name="E Pittsburgh Ward 3" totalVoters="470" ballotsCast="40" voterTurnout="8.51" percentReporting="4" />
            <Precinct name="Edgewood Dist 1" totalVoters="987" ballotsCast="338" voterTurnout="34.25" percentReporting="4" />
            <Precinct name="Edgewood Dist 2" totalVoters="905" ballotsCast="338" voterTurnout="37.35" percentReporting="4" />
            <Precinct name="Edgewood Dist 3" totalVoters="820" ballotsCast="298" voterTurnout="36.34" percentReporting="4" />
            <Precinct name="Forest Hills Dist 1" totalVoters="605" ballotsCast="265" voterTurnout="43.80" percentReporting="4" />
            <Precinct name="Forest Hills Dist 2" totalVoters="629" ballotsCast="215" voterTurnout="34.18" percentReporting="4" />
            <Precinct name="Forest Hills Dist 3" totalVoters="617" ballotsCast="207" voterTurnout="33.55" percentReporting="4" />
            <Precinct name="Forest Hills Dist 4" totalVoters="715" ballotsCast="211" voterTurnout="29.51" percentReporting="4" />
            <Precinct name="Forest Hills Dist 5" totalVoters="695" ballotsCast="247" voterTurnout="35.54" percentReporting="4" />
            <Precinct name="Forest Hills Dist 6" totalVoters="600" ballotsCast="223" voterTurnout="37.17" percentReporting="4" />
            <Precinct name="Forest Hills Dist 7" totalVoters="752" ballotsCast="128" voterTurnout="17.02" percentReporting="4" />
            <Precinct name="Forest Hills Dist 8" totalVoters="707" ballotsCast="219" voterTurnout="30.98" percentReporting="4" />
            <Precinct name="N Braddock Ward 1 Dist 1" totalVoters="219" ballotsCast="85" voterTurnout="38.81" percentReporting="4" />
            <Precinct name="N Braddock Ward 1 Dist 2" totalVoters="430" ballotsCast="95" voterTurnout="22.09" percentReporting="4" />
            <Precinct name="N Braddock Ward 1 Dist 3" totalVoters="467" ballotsCast="67" voterTurnout="14.35" percentReporting="4" />
            <Precinct name="N Braddock Ward 2 Dist 1" totalVoters="409" ballotsCast="51" voterTurnout="12.47" percentReporting="4" />
            <Precinct name="N Braddock Ward 2 Dist 2" totalVoters="519" ballotsCast="114" voterTurnout="21.97" percentReporting="4" />
            <Precinct name="N Braddock Ward 3 Dist 1" totalVoters="383" ballotsCast="50" voterTurnout="13.05" percentReporting="4" />
            <Precinct name="N Braddock Ward 3 Dist 2" totalVoters="437" ballotsCast="57" voterTurnout="13.04" percentReporting="4" />
            <Precinct name="Pittsburgh Ward 13 Dist 1" totalVoters="326" ballotsCast="41" voterTurnout="12.58" percentReporting="4" />
            <Precinct name="Pittsburgh Ward 13 Dist 8" totalVoters="267" ballotsCast="28" voterTurnout="10.49" percentReporting="4" />
            <Precinct name="Pittsburgh Ward 13 Dist 10" totalVoters="172" ballotsCast="20" voterTurnout="11.63" percentReporting="4" />
            <Precinct name="Pittsburgh Ward 13 Dist 13" totalVoters="247" ballotsCast="25" voterTurnout="10.12" percentReporting="4" />
            <Precinct name="Pittsburgh Ward 13 Dist 14" totalVoters="211" ballotsCast="31" voterTurnout="14.69" percentReporting="4" />
            <Precinct name="Pittsburgh Ward 14 Dist 12" totalVoters="787" ballotsCast="142" voterTurnout="18.04" percentReporting="4" />
            <Precinct name="Pittsburgh Ward 14 Dist 13" totalVoters="733" ballotsCast="248" voterTurnout="33.83" percentReporting="4" />
            <Precinct name="Pittsburgh Ward 14 Dist 14" totalVoters="844" ballotsCast="302" voterTurnout="35.78" percentReporting="4" />
            <Precinct name="Pittsburgh Ward 14 Dist 15" totalVoters="717" ballotsCast="205" voterTurnout="28.59" percentReporting="4" />
            <Precinct name="Pittsburgh Ward 14 Dist 16" totalVoters="462" ballotsCast="177" voterTurnout="38.31" percentReporting="4" />
            <Precinct name="Pittsburgh Ward 14 Dist 17" totalVoters="458" ballotsCast="172" voterTurnout="37.55" percentReporting="4" />
            <Precinct name="Pittsburgh Ward 14 Dist 18" totalVoters="699" ballotsCast="238" voterTurnout="34.05" percentReporting="4" />
            <Precinct name="Rankin Ward 1" totalVoters="318" ballotsCast="55" voterTurnout="17.30" percentReporting="4" />
            <Precinct name="Rankin Ward 2" totalVoters="376" ballotsCast="68" voterTurnout="18.09" percentReporting="4" />
            <Precinct name="Rankin Ward 3" totalVoters="395" ballotsCast="39" voterTurnout="9.87" percentReporting="4" />
            <Precinct name="Swissvale Dist 1" totalVoters="804" ballotsCast="143" voterTurnout="17.79" percentReporting="4" />
            <Precinct name="Swissvale Dist 2" totalVoters="699" ballotsCast="137" voterTurnout="19.60" percentReporting="4" />
            <Precinct name="Swissvale Dist 3" totalVoters="613" ballotsCast="128" voterTurnout="20.88" percentReporting="4" />
            <Precinct name="Swissvale Dist 4" totalVoters="574" ballotsCast="136" voterTurnout="23.69" percentReporting="4" />
            <Precinct name="Swissvale Dist 5" totalVoters="715" ballotsCast="190" voterTurnout="26.57" percentReporting="4" />
            <Precinct name="Swissvale Dist 6" totalVoters="368" ballotsCast="60" voterTurnout="16.30" percentReporting="4" />
            <Precinct name="Swissvale Dist 7" totalVoters="641" ballotsCast="205" voterTurnout="31.98" percentReporting="4" />
            <Precinct name="Swissvale Dist 8" totalVoters="687" ballotsCast="179" voterTurnout="26.06" percentReporting="4" />
            <Precinct name="Swissvale Dist 9" totalVoters="657" ballotsCast="197" voterTurnout="29.98" percentReporting="4" />
            <Precinct name="Swissvale Dist 10" totalVoters="234" ballotsCast="28" voterTurnout="11.97" percentReporting="4" />
            <Precinct name="Swissvale Dist 11" totalVoters="676" ballotsCast="280" voterTurnout="41.42" percentReporting="4" />
            <Precinct name="Wilkins Ward 1 Dist 1" totalVoters="741" ballotsCast="147" voterTurnout="19.84" percentReporting="4" />
            <Precinct name="Wilkins Ward 1 Dist 2" totalVoters="645" ballotsCast="177" voterTurnout="27.44" percentReporting="4" />
            <Precinct name="Wilkins Ward 1 Dist 3" totalVoters="828" ballotsCast="252" voterTurnout="30.43" percentReporting="4" />
            <Precinct name="Wilkins Ward 1 Dist 4" totalVoters="636" ballotsCast="164" voterTurnout="25.79" percentReporting="4" />
            <Precinct name="Wilkins Ward 1 Dist 5" totalVoters="445" ballotsCast="105" voterTurnout="23.60" percentReporting="4" />
            <Precinct name="Wilkins Ward 2 Dist 1" totalVoters="619" ballotsCast="151" voterTurnout="24.39" percentReporting="4" />
            <Precinct name="Wilkins Ward 2 Dist 2" totalVoters="890" ballotsCast="203" voterTurnout="22.81" percentReporting="4" />
            <Precinct name="Wilkinsburg Ward 1 Dist 1" totalVoters="868" ballotsCast="124" voterTurnout="14.29" percentReporting="4" />
            <Precinct name="Wilkinsburg Ward 1 Dist 2" totalVoters="661" ballotsCast="73" voterTurnout="11.04" percentReporting="4" />
            <Precinct name="Wilkinsburg Ward 1 Dist 3" totalVoters="400" ballotsCast="39" voterTurnout="9.75" percentReporting="4" />
            <Precinct name="Wilkinsburg Ward 1 Dist 4" totalVoters="593" ballotsCast="161" voterTurnout="27.15" percentReporting="4" />
            <Precinct name="Wilkinsburg Ward 1 Dist 5" totalVoters="529" ballotsCast="152" voterTurnout="28.73" percentReporting="4" />
            <Precinct name="Wilkinsburg Ward 1 Dist 6" totalVoters="910" ballotsCast="156" voterTurnout="17.14" percentReporting="4" />
            <Precinct name="Wilkinsburg Ward 2 Dist 1" totalVoters="704" ballotsCast="137" voterTurnout="19.46" percentReporting="4" />
            <Precinct name="Wilkinsburg Ward 2 Dist 2" totalVoters="965" ballotsCast="248" voterTurnout="25.70" percentReporting="4" />
            <Precinct name="Wilkinsburg Ward 2 Dist 3" totalVoters="694" ballotsCast="82" voterTurnout="11.82" percentReporting="4" />
            <Precinct name="Wilkinsburg Ward 2 Dist 4" totalVoters="491" ballotsCast="41" voterTurnout="8.35" percentReporting="4" />
            <Precinct name="Wilkinsburg Ward 2 Dist 5" totalVoters="761" ballotsCast="120" voterTurnout="15.77" percentReporting="4" />
            <Precinct name="Wilkinsburg Ward 3 Dist 1" totalVoters="702" ballotsCast="247" voterTurnout="35.19" percentReporting="4" />
            <Precinct name="Wilkinsburg Ward 3 Dist 2" totalVoters="631" ballotsCast="182" voterTurnout="28.84" percentReporting="4" />
            <Precinct name="Wilkinsburg Ward 3 Dist 3" totalVoters="766" ballotsCast="81" voterTurnout="10.57" percentReporting="4" />
            <Precinct name="Wilkinsburg Ward 3 Dist 4" totalVoters="987" ballotsCast="201" voterTurnout="20.36" percentReporting="4" />
            <Precinct name="Wilkinsburg Ward 3 Dist 5" totalVoters="930" ballotsCast="122" voterTurnout="13.12" percentReporting="4" />
            <Precinct name="Wilkinsburg Ward 3 Dist 6" totalVoters="484" ballotsCast="43" voterTurnout="8.88" percentReporting="4" />
        </Precincts>
    </VoterTurnout>
    <Contest key="0004" text="Representative in the General Assembly, 34th District" voteFor="1" isQuestion="false" precinctsReporting="81" precinctsReported="81">
        <VoteType name="regVotersCounty" votes="0">
            <Precinct name="Braddock Ward 1" votes="0" />
            <Precinct name="Braddock Ward 2" votes="0" />
            <Precinct name="Braddock Ward 3" votes="0" />
            <Precinct name="Braddock Hl Dist 1" votes="0" />
            <Precinct name="Braddock Hl Dist 2" votes="0" />
            <Precinct name="Chalfant Dist 1" votes="0" />
            <Precinct name="Churchill Dist 1" votes="0" />
            <Precinct name="Churchill Dist 2" votes="0" />
            <Precinct name="Churchill Dist 3" votes="0" />
            <Precinct name="Churchill Dist 4" votes="0" />
            <Precinct name="E Pittsburgh Ward 1" votes="0" />
            <Precinct name="E Pittsburgh Ward 2" votes="0" />
            <Precinct name="E Pittsburgh Ward 3" votes="0" />
            <Precinct name="Edgewood Dist 1" votes="0" />
            <Precinct name="Edgewood Dist 2" votes="0" />
            <Precinct name="Edgewood Dist 3" votes="0" />
            <Precinct name="Forest Hills Dist 1" votes="0" />
            <Precinct name="Forest Hills Dist 2" votes="0" />
            <Precinct name="Forest Hills Dist 3" votes="0" />
            <Precinct name="Forest Hills Dist 4" votes="0" />
            <Precinct name="Forest Hills Dist 5" votes="0" />
            <Precinct name="Forest Hills Dist 6" votes="0" />
            <Precinct name="Forest Hills Dist 7" votes="0" />
            <Precinct name="Forest Hills Dist 8" votes="0" />
            <Precinct name="N Braddock Ward 1 Dist 1" votes="0" />
            <Precinct name="N Braddock Ward 1 Dist 2" votes="0" />
            <Precinct name="N Braddock Ward 1 Dist 3" votes="0" />
            <Precinct name="N Braddock Ward 2 Dist 1" votes="0" />
            <Precinct name="N Braddock Ward 2 Dist 2" votes="0" />
            <Precinct name="N Braddock Ward 3 Dist 1" votes="0" />
            <Precinct name="N Braddock Ward 3 Dist 2" votes="0" />
            <Precinct name="Pittsburgh Ward 13 Dist 1" votes="0" />
            <Precinct name="Pittsburgh Ward 13 Dist 8" votes="0" />
            <Precinct name="Pittsburgh Ward 13 Dist 10" votes="0" />
            <Precinct name="Pittsburgh Ward 13 Dist 13" votes="0" />
            <Precinct name="Pittsburgh Ward 13 Dist 14" votes="0" />
            <Precinct name="Pittsburgh Ward 14 Dist 12" votes="0" />
            <Precinct name="Pittsburgh Ward 14 Dist 13" votes="0" />
            <Precinct name="Pittsburgh Ward 14 Dist 14" votes="0" />
            <Precinct name="Pittsburgh Ward 14 Dist 15" votes="0" />
            <Precinct name="Pittsburgh Ward 14 Dist 16" votes="0" />
            <Precinct name="Pittsburgh Ward 14 Dist 17" votes="0" />
            <Precinct name="Pittsburgh Ward 14 Dist 18" votes="0" />
            <Precinct name="Rankin Ward 1" votes="0" />
            <Precinct name="Rankin Ward 2" votes="0" />
            <Precinct name="Rankin Ward 3" votes="0" />
            <Precinct name="Swissvale Dist 1" votes="0" />
            <Precinct name="Swissvale Dist 2" votes="0" />
            <Precinct name="Swissvale Dist 3" votes="0" />
            <Precinct name="Swissvale Dist 4" votes="0" />
            <Precinct name="Swissvale Dist 5" votes="0" />
            <Precinct name="Swissvale Dist 6" votes="0" />
            <Precinct name="Swissvale Dist 7" votes="0" />
            <Precinct name="Swissvale Dist 8" votes="0" />
            <Precinct name="Swissvale Dist 9" votes="0" />
            <Precinct name="Swissvale Dist 10" votes="0" />
            <Precinct name="Swissvale Dist 11" votes="0" />
            <Precinct name="Wilkins Ward 1 Dist 1" votes="0" />
            <Precinct name="Wilkins Ward 1 Dist 2" votes="0" />
            <Precinct name="Wilkins Ward 1 Dist 3" votes="0" />
            <Precinct name="Wilkins Ward 1 Dist 4" votes="0" />
            <Precinct name="Wilkins Ward 1 Dist 5" votes="0" />
            <Precinct name="Wilkins Ward 2 Dist 1" votes="0" />
            <Precinct name="Wilkins Ward 2 Dist 2" votes="0" />
            <Precinct name="Wilkinsburg Ward 1 Dist 1" votes="0" />
            <Precinct name="Wilkinsburg Ward 1 Dist 2" votes="0" />
            <Precinct name="Wilkinsburg Ward 1 Dist 3" votes="0" />
            <Precinct name="Wilkinsburg Ward 1 Dist 4" votes="0" />
            <Precinct name="Wilkinsburg Ward 1 Dist 5" votes="0" />
            <Precinct name="Wilkinsburg Ward 1 Dist 6" votes="0" />
            <Precinct name="Wilkinsburg Ward 2 Dist 1" votes="0" />
            <Precinct name="Wilkinsburg Ward 2 Dist 2" votes="0" />
            <Precinct name="Wilkinsburg Ward 2 Dist 3" votes="0" />
            <Precinct name="Wilkinsburg Ward 2 Dist 4" votes="0" />
            <Precinct name="Wilkinsburg Ward 2 Dist 5" votes="0" />
            <Precinct name="Wilkinsburg Ward 3 Dist 1" votes="0" />
            <Precinct name="Wilkinsburg Ward 3 Dist 2" votes="0" />
            <Precinct name="Wilkinsburg Ward 3 Dist 3" votes="0" />
            <Precinct name="Wilkinsburg Ward 3 Dist 4" votes="0" />
            <Precinct name="Wilkinsburg Ward 3 Dist 5" votes="0" />
            <Precinct name="Wilkinsburg Ward 3 Dist 6" votes="0" />
        </VoteType>
        <Choice key="001" text="DEM Abigail Salisbury" party="DEM" totalVotes="10282">
            <VoteType name="Election Day" votes="5159">
                <Precinct name="Braddock Ward 1" votes="42" />
                <Precinct name="Braddock Ward 2" votes="27" />
                <Precinct name="Braddock Ward 3" votes="27" />
                <Precinct name="Braddock Hl Dist 1" votes="39" />
                <Precinct name="Braddock Hl Dist 2" votes="77" />
                <Precinct name="Chalfant Dist 1" votes="40" />
                <Precinct name="Churchill Dist 1" votes="89" />
                <Precinct name="Churchill Dist 2" votes="101" />
                <Precinct name="Churchill Dist 3" votes="67" />
                <Precinct name="Churchill Dist 4" votes="68" />
                <Precinct name="E Pittsburgh Ward 1" votes="21" />
                <Precinct name="E Pittsburgh Ward 2" votes="16" />
                <Precinct name="E Pittsburgh Ward 3" votes="18" />
                <Precinct name="Edgewood Dist 1" votes="187" />
                <Precinct name="Edgewood Dist 2" votes="168" />
                <Precinct name="Edgewood Dist 3" votes="129" />
                <Precinct name="Forest Hills Dist 1" votes="121" />
                <Precinct name="Forest Hills Dist 2" votes="105" />
                <Precinct name="Forest Hills Dist 3" votes="78" />
                <Precinct name="Forest Hills Dist 4" votes="96" />
                <Precinct name="Forest Hills Dist 5" votes="105" />
                <Precinct name="Forest Hills Dist 6" votes="113" />
                <Precinct name="Forest Hills Dist 7" votes="67" />
                <Precinct name="Forest Hills Dist 8" votes="92" />
                <Precinct name="N Braddock Ward 1 Dist 1" votes="24" />
                <Precinct name="N Braddock Ward 1 Dist 2" votes="29" />
                <Precinct name="N Braddock Ward 1 Dist 3" votes="29" />
                <Precinct name="N Braddock Ward 2 Dist 1" votes="25" />
                <Precinct name="N Braddock Ward 2 Dist 2" votes="32" />
                <Precinct name="N Braddock Ward 3 Dist 1" votes="18" />
                <Precinct name="N Braddock Ward 3 Dist 2" votes="22" />
                <Precinct name="Pittsburgh Ward 13 Dist 1" votes="14" />
                <Precinct name="Pittsburgh Ward 13 Dist 8" votes="13" />
                <Precinct name="Pittsburgh Ward 13 Dist 10" votes="9" />
                <Precinct name="Pittsburgh Ward 13 Dist 13" votes="12" />
                <Precinct name="Pittsburgh Ward 13 Dist 14" votes="19" />
                <Precinct name="Pittsburgh Ward 14 Dist 12" votes="87" />
                <Precinct name="Pittsburgh Ward 14 Dist 13" votes="133" />
                <Precinct name="Pittsburgh Ward 14 Dist 14" votes="133" />
                <Precinct name="Pittsburgh Ward 14 Dist 15" votes="117" />
                <Precinct name="Pittsburgh Ward 14 Dist 16" votes="85" />
                <Precinct name="Pittsburgh Ward 14 Dist 17" votes="85" />
                <Precinct name="Pittsburgh Ward 14 Dist 18" votes="123" />
                <Precinct name="Rankin Ward 1" votes="26" />
                <Precinct name="Rankin Ward 2" votes="39" />
                <Precinct name="Rankin Ward 3" votes="24" />
                <Precinct name="Swissvale Dist 1" votes="53" />
                <Precinct name="Swissvale Dist 2" votes="56" />
                <Precinct name="Swissvale Dist 3" votes="65" />
                <Precinct name="Swissvale Dist 4" votes="69" />
                <Precinct name="Swissvale Dist 5" votes="76" />
                <Precinct name="Swissvale Dist 6" votes="32" />
                <Precinct name="Swissvale Dist 7" votes="105" />
                <Precinct name="Swissvale Dist 8" votes="78" />
                <Precinct name="Swissvale Dist 9" votes="109" />
                <Precinct name="Swissvale Dist 10" votes="16" />
                <Precinct name="Swissvale Dist 11" votes="148" />
                <Precinct name="Wilkins Ward 1 Dist 1" votes="57" />
                <Precinct name="Wilkins Ward 1 Dist 2" votes="65" />
                <Precinct name="Wilkins Ward 1 Dist 3" votes="92" />
                <Precinct name="Wilkins Ward 1 Dist 4" votes="53" />
                <Precinct name="Wilkins Ward 1 Dist 5" votes="33" />
                <Precinct name="Wilkins Ward 2 Dist 1" votes="50" />
                <Precinct name="Wilkins Ward 2 Dist 2" votes="77" />
                <Precinct name="Wilkinsburg Ward 1 Dist 1" votes="36" />
                <Precinct name="Wilkinsburg Ward 1 Dist 2" votes="37" />
                <Precinct name="Wilkinsburg Ward 1 Dist 3" votes="14" />
                <Precinct name="Wilkinsburg Ward 1 Dist 4" votes="75" />
                <Precinct name="Wilkinsburg Ward 1 Dist 5" votes="56" />
                <Precinct name="Wilkinsburg Ward 1 Dist 6" votes="44" />
                <Precinct name="Wilkinsburg Ward 2 Dist 1" votes="45" />
                <Precinct name="Wilkinsburg Ward 2 Dist 2" votes="85" />
                <Precinct name="Wilkinsburg Ward 2 Dist 3" votes="33" />
                <Precinct name="Wilkinsburg Ward 2 Dist 4" votes="13" />
                <Precinct name="Wilkinsburg Ward 2 Dist 5" votes="55" />
                <Precinct name="Wilkinsburg Ward 3 Dist 1" votes="131" />
                <Precinct name="Wilkinsburg Ward 3 Dist 2" votes="110" />
                <Precinct name="Wilkinsburg Ward 3 Dist 3" votes="28" />
                <Precinct name="Wilkinsburg Ward 3 Dist 4" votes="90" />
                <Precinct name="Wilkinsburg Ward 3 Dist 5" votes="60" />
                <Precinct name="Wilkinsburg Ward 3 Dist 6" votes="22" />
            </VoteType>
            <VoteType name="Absentee" votes="5123">
                <Precinct name="Braddock Ward 1" votes="33" />
                <Precinct name="Braddock Ward 2" votes="38" />
                <Precinct name="Braddock Ward 3" votes="12" />
                <Precinct name="Braddock Hl Dist 1" votes="81" />
                <Precinct name="Braddock Hl Dist 2" votes="53" />
                <Precinct name="Chalfant Dist 1" votes="43" />
                <Precinct name="Churchill Dist 1" votes="122" />
                <Precinct name="Churchill Dist 2" votes="100" />
                <Precinct name="Churchill Dist 3" votes="89" />
                <Precinct name="Churchill Dist 4" votes="98" />
                <Precinct name="E Pittsburgh Ward 1" votes="13" />
                <Precinct name="E Pittsburgh Ward 2" votes="13" />
                <Precinct name="E Pittsburgh Ward 3" votes="18" />
                <Precinct name="Edgewood Dist 1" votes="128" />
                <Precinct name="Edgewood Dist 2" votes="137" />
                <Precinct name="Edgewood Dist 3" votes="148" />
                <Precinct name="Forest Hills Dist 1" votes="102" />
                <Precinct name="Forest Hills Dist 2" votes="78" />
                <Precinct name="Forest Hills Dist 3" votes="85" />
                <Precinct name="Forest Hills Dist 4" votes="86" />
                <Precinct name="Forest Hills Dist 5" votes="83" />
                <Precinct name="Forest Hills Dist 6" votes="81" />
                <Precinct name="Forest Hills Dist 7" votes="49" />
                <Precinct name="Forest Hills Dist 8" votes="88" />
                <Precinct name="N Braddock Ward 1 Dist 1" votes="44" />
                <Precinct name="N Braddock Ward 1 Dist 2" votes="38" />
                <Precinct name="N Braddock Ward 1 Dist 3" votes="28" />
                <Precinct name="N Braddock Ward 2 Dist 1" votes="19" />
                <Precinct name="N Braddock Ward 2 Dist 2" votes="64" />
                <Precinct name="N Braddock Ward 3 Dist 1" votes="31" />
                <Precinct name="N Braddock Ward 3 Dist 2" votes="28" />
                <Precinct name="Pittsburgh Ward 13 Dist 1" votes="26" />
                <Precinct name="Pittsburgh Ward 13 Dist 8" votes="15" />
                <Precinct name="Pittsburgh Ward 13 Dist 10" votes="11" />
                <Precinct name="Pittsburgh Ward 13 Dist 13" votes="12" />
                <Precinct name="Pittsburgh Ward 13 Dist 14" votes="11" />
                <Precinct name="Pittsburgh Ward 14 Dist 12" votes="47" />
                <Precinct name="Pittsburgh Ward 14 Dist 13" votes="105" />
                <Precinct name="Pittsburgh Ward 14 Dist 14" votes="142" />
                <Precinct name="Pittsburgh Ward 14 Dist 15" votes="82" />
                <Precinct name="Pittsburgh Ward 14 Dist 16" votes="77" />
                <Precinct name="Pittsburgh Ward 14 Dist 17" votes="74" />
                <Precinct name="Pittsburgh Ward 14 Dist 18" votes="107" />
                <Precinct name="Rankin Ward 1" votes="25" />
                <Precinct name="Rankin Ward 2" votes="22" />
                <Precinct name="Rankin Ward 3" votes="15" />
                <Precinct name="Swissvale Dist 1" votes="76" />
                <Precinct name="Swissvale Dist 2" votes="64" />
                <Precinct name="Swissvale Dist 3" votes="57" />
                <Precinct name="Swissvale Dist 4" votes="50" />
                <Precinct name="Swissvale Dist 5" votes="94" />
                <Precinct name="Swissvale Dist 6" votes="22" />
                <Precinct name="Swissvale Dist 7" votes="83" />
                <Precinct name="Swissvale Dist 8" votes="80" />
                <Precinct name="Swissvale Dist 9" votes="76" />
                <Precinct name="Swissvale Dist 10" votes="12" />
                <Precinct name="Swissvale Dist 11" votes="118" />
                <Precinct name="Wilkins Ward 1 Dist 1" votes="48" />
                <Precinct name="Wilkins Ward 1 Dist 2" votes="56" />
                <Precinct name="Wilkins Ward 1 Dist 3" votes="105" />
                <Precinct name="Wilkins Ward 1 Dist 4" votes="62" />
                <Precinct name="Wilkins Ward 1 Dist 5" votes="58" />
                <Precinct name="Wilkins Ward 2 Dist 1" votes="49" />
                <Precinct name="Wilkins Ward 2 Dist 2" votes="79" />
                <Precinct name="Wilkinsburg Ward 1 Dist 1" votes="79" />
                <Precinct name="Wilkinsburg Ward 1 Dist 2" votes="33" />
                <Precinct name="Wilkinsburg Ward 1 Dist 3" votes="22" />
                <Precinct name="Wilkinsburg Ward 1 Dist 4" votes="77" />
                <Precinct name="Wilkinsburg Ward 1 Dist 5" votes="80" />
                <Precinct name="Wilkinsburg Ward 1 Dist 6" votes="103" />
                <Precinct name="Wilkinsburg Ward 2 Dist 1" votes="77" />
                <Precinct name="Wilkinsburg Ward 2 Dist 2" votes="137" />
                <Precinct name="Wilkinsburg Ward 2 Dist 3" votes="44" />
                <Precinct name="Wilkinsburg Ward 2 Dist 4" votes="25" />
                <Precinct name="Wilkinsburg Ward 2 Dist 5" votes="63" />
                <Precinct name="Wilkinsburg Ward 3 Dist 1" votes="105" />
                <Precinct name="Wilkinsburg Ward 3 Dist 2" votes="63" />
                <Precinct name="Wilkinsburg Ward 3 Dist 3" votes="50" />
                <Precinct name="Wilkinsburg Ward 3 Dist 4" votes="97" />
                <Precinct name="Wilkinsburg Ward 3 Dist 5" votes="58" />
                <Precinct name="Wilkinsburg Ward 3 Dist 6" votes="20" />
            </VoteType>
            <VoteType name="Provisional" votes="0">
                <Precinct name="Braddock Ward 1" votes="0" />
                <Precinct name="Braddock Ward 2" votes="0" />
                <Precinct name="Braddock Ward 3" votes="0" />
                <Precinct name="Braddock Hl Dist 1" votes="0" />
                <Precinct name="Braddock Hl Dist 2" votes="0" />
                <Precinct name="Chalfant Dist 1" votes="0" />
                <Precinct name="Churchill Dist 1" votes="0" />
                <Precinct name="Churchill Dist 2" votes="0" />
                <Precinct name="Churchill Dist 3" votes="0" />
                <Precinct name="Churchill Dist 4" votes="0" />
                <Precinct name="E Pittsburgh Ward 1" votes="0" />
                <Precinct name="E Pittsburgh Ward 2" votes="0" />
                <Precinct name="E Pittsburgh Ward 3" votes="0" />
                <Precinct name="Edgewood Dist 1" votes="0" />
                <Precinct name="Edgewood Dist 2" votes="0" />
                <Precinct name="Edgewood Dist 3" votes="0" />
                <Precinct name="Forest Hills Dist 1" votes="0" />
                <Precinct name="Forest Hills Dist 2" votes="0" />
                <Precinct name="Forest Hills Dist 3" votes="0" />
                <Precinct name="Forest Hills Dist 4" votes="0" />
                <Precinct name="Forest Hills Dist 5" votes="0" />
                <Precinct name="Forest Hills Dist 6" votes="0" />
                <Precinct name="Forest Hills Dist 7" votes="0" />
                <Precinct name="Forest Hills Dist 8" votes="0" />
                <Precinct name="N Braddock Ward 1 Dist 1" votes="0" />
                <Precinct name="N Braddock Ward 1 Dist 2" votes="0" />
                <Precinct name="N Braddock Ward 1 Dist 3" votes="0" />
                <Precinct name="N Braddock Ward 2 Dist 1" votes="0" />
                <Precinct name="N Braddock Ward 2 Dist 2" votes="0" />
                <Precinct name="N Braddock Ward 3 Dist 1" votes="0" />
                <Precinct name="N Braddock Ward 3 Dist 2" votes="0" />
                <Precinct name="Pittsburgh Ward 13 Dist 1" votes="0" />
                <Precinct name="Pittsburgh Ward 13 Dist 8" votes="0" />
                <Precinct name="Pittsburgh Ward 13 Dist 10" votes="0" />
                <Precinct name="Pittsburgh Ward 13 Dist 13" votes="0" />
                <Precinct name="Pittsburgh Ward 13 Dist 14" votes="0" />
                <Precinct name="Pittsburgh Ward 14 Dist 12" votes="0" />
                <Precinct name="Pittsburgh Ward 14 Dist 13" votes="0" />
                <Precinct name="Pittsburgh Ward 14 Dist 14" votes="0" />
                <Precinct name="Pittsburgh Ward 14 Dist 15" votes="0" />
                <Precinct name="Pittsburgh Ward 14 Dist 16" votes="0" />
                <Precinct name="Pittsburgh Ward 14 Dist 17" votes="0" />
                <Precinct name="Pittsburgh Ward 14 Dist 18" votes="0" />
                <Precinct name="Rankin Ward 1" votes="0" />
                <Precinct name="Rankin Ward 2" votes="0" />
                <Precinct name="Rankin Ward 3" votes="0" />
                <Precinct name="Swissvale Dist 1" votes="0" />
                <Precinct name="Swissvale Dist 2" votes="0" />
                <Precinct name="Swissvale Dist 3" votes="0" />
                <Precinct name="Swissvale Dist 4" votes="0" />
                <Precinct name="Swissvale Dist 5" votes="0" />
                <Precinct name="Swissvale Dist 6" votes="0" />
                <Precinct name="Swissvale Dist 7" votes="0" />
                <Precinct name="Swissvale Dist 8" votes="0" />
                <Precinct name="Swissvale Dist 9" votes="0" />
                <Precinct name="Swissvale Dist 10" votes="0" />
                <Precinct name="Swissvale Dist 11" votes="0" />
                <Precinct name="Wilkins Ward 1 Dist 1" votes="0" />
                <Precinct name="Wilkins Ward 1 Dist 2" votes="0" />
                <Precinct name="Wilkins Ward 1 Dist 3" votes="0" />
                <Precinct name="Wilkins Ward 1 Dist 4" votes="0" />
                <Precinct name="Wilkins Ward 1 Dist 5" votes="0" />
                <Precinct name="Wilkins Ward 2 Dist 1" votes="0" />
                <Precinct name="Wilkins Ward 2 Dist 2" votes="0" />
                <Precinct name="Wilkinsburg Ward 1 Dist 1" votes="0" />
                <Precinct name="Wilkinsburg Ward 1 Dist 2" votes="0" />
                <Precinct name="Wilkinsburg Ward 1 Dist 3" votes="0" />
                <Precinct name="Wilkinsburg Ward 1 Dist 4" votes="0" />
                <Precinct name="Wilkinsburg Ward 1 Dist 5" votes="0" />
                <Precinct name="Wilkinsburg Ward 1 Dist 6" votes="0" />
                <Precinct name="Wilkinsburg Ward 2 Dist 1" votes="0" />
                <Precinct name="Wilkinsburg Ward 2 Dist 2" votes="0" />
                <Precinct name="Wilkinsburg Ward 2 Dist 3" votes="0" />
                <Precinct name="Wilkinsburg Ward 2 Dist 4" votes="0" />
                <Precinct name="Wilkinsburg Ward 2 Dist 5" votes="0" />
                <Precinct name="Wilkinsburg Ward 3 Dist 1" votes="0" />
                <Precinct name="Wilkinsburg Ward 3 Dist 2" votes="0" />
                <Precinct name="Wilkinsburg Ward 3 Dist 3" votes="0" />
                <Precinct name="Wilkinsburg Ward 3 Dist 4" votes="0" />
                <Precinct name="Wilkinsburg Ward 3 Dist 5" votes="0" />
                <Precinct name="Wilkinsburg Ward 3 Dist 6" votes="0" />
            </VoteType>
        </Choice>
        <Choice key="002" text="REP Robert Pagane" party="REP" totalVotes="1416">
            <VoteType name="Election Day" votes="1039">
                <Precinct name="Braddock Ward 1" votes="2" />
                <Precinct name="Braddock Ward 2" votes="11" />
                <Precinct name="Braddock Ward 3" votes="2" />
                <Precinct name="Braddock Hl Dist 1" votes="21" />
                <Precinct name="Braddock Hl Dist 2" votes="26" />
                <Precinct name="Chalfant Dist 1" votes="30" />
                <Precinct name="Churchill Dist 1" votes="30" />
                <Precinct name="Churchill Dist 2" votes="26" />
                <Precinct name="Churchill Dist 3" votes="31" />
                <Precinct name="Churchill Dist 4" votes="39" />
                <Precinct name="E Pittsburgh Ward 1" votes="6" />
                <Precinct name="E Pittsburgh Ward 2" votes="3" />
                <Precinct name="E Pittsburgh Ward 3" votes="4" />
                <Precinct name="Edgewood Dist 1" votes="17" />
                <Precinct name="Edgewood Dist 2" votes="24" />
                <Precinct name="Edgewood Dist 3" votes="13" />
                <Precinct name="Forest Hills Dist 1" votes="32" />
                <Precinct name="Forest Hills Dist 2" votes="25" />
                <Precinct name="Forest Hills Dist 3" votes="36" />
                <Precinct name="Forest Hills Dist 4" votes="21" />
                <Precinct name="Forest Hills Dist 5" votes="48" />
                <Precinct name="Forest Hills Dist 6" votes="20" />
                <Precinct name="Forest Hills Dist 7" votes="11" />
                <Precinct name="Forest Hills Dist 8" votes="27" />
                <Precinct name="N Braddock Ward 1 Dist 1" votes="9" />
                <Precinct name="N Braddock Ward 1 Dist 2" votes="22" />
                <Precinct name="N Braddock Ward 1 Dist 3" votes="4" />
                <Precinct name="N Braddock Ward 2 Dist 1" votes="5" />
                <Precinct name="N Braddock Ward 2 Dist 2" votes="10" />
                <Precinct name="N Braddock Ward 3 Dist 1" votes="1" />
                <Precinct name="N Braddock Ward 3 Dist 2" votes="3" />
                <Precinct name="Pittsburgh Ward 13 Dist 1" votes="0" />
                <Precinct name="Pittsburgh Ward 13 Dist 8" votes="0" />
                <Precinct name="Pittsburgh Ward 13 Dist 10" votes="0" />
                <Precinct name="Pittsburgh Ward 13 Dist 13" votes="1" />
                <Precinct name="Pittsburgh Ward 13 Dist 14" votes="0" />
                <Precinct name="Pittsburgh Ward 14 Dist 12" votes="6" />
                <Precinct name="Pittsburgh Ward 14 Dist 13" votes="7" />
                <Precinct name="Pittsburgh Ward 14 Dist 14" votes="17" />
                <Precinct name="Pittsburgh Ward 14 Dist 15" votes="6" />
                <Precinct name="Pittsburgh Ward 14 Dist 16" votes="12" />
                <Precinct name="Pittsburgh Ward 14 Dist 17" votes="6" />
                <Precinct name="Pittsburgh Ward 14 Dist 18" votes="6" />
                <Precinct name="Rankin Ward 1" votes="2" />
                <Precinct name="Rankin Ward 2" votes="3" />
                <Precinct name="Rankin Ward 3" votes="0" />
                <Precinct name="Swissvale Dist 1" votes="11" />
                <Precinct name="Swissvale Dist 2" votes="11" />
                <Precinct name="Swissvale Dist 3" votes="5" />
                <Precinct name="Swissvale Dist 4" votes="14" />
                <Precinct name="Swissvale Dist 5" votes="13" />
                <Precinct name="Swissvale Dist 6" votes="3" />
                <Precinct name="Swissvale Dist 7" votes="16" />
                <Precinct name="Swissvale Dist 8" votes="10" />
                <Precinct name="Swissvale Dist 9" votes="12" />
                <Precinct name="Swissvale Dist 10" votes="0" />
                <Precinct name="Swissvale Dist 11" votes="10" />
                <Precinct name="Wilkins Ward 1 Dist 1" votes="35" />
                <Precinct name="Wilkins Ward 1 Dist 2" votes="42" />
                <Precinct name="Wilkins Ward 1 Dist 3" votes="43" />
                <Precinct name="Wilkins Ward 1 Dist 4" votes="37" />
                <Precinct name="Wilkins Ward 1 Dist 5" votes="12" />
                <Precinct name="Wilkins Ward 2 Dist 1" votes="42" />
                <Precinct name="Wilkins Ward 2 Dist 2" votes="33" />
                <Precinct name="Wilkinsburg Ward 1 Dist 1" votes="2" />
                <Precinct name="Wilkinsburg Ward 1 Dist 2" votes="0" />
                <Precinct name="Wilkinsburg Ward 1 Dist 3" votes="1" />
                <Precinct name="Wilkinsburg Ward 1 Dist 4" votes="2" />
                <Precinct name="Wilkinsburg Ward 1 Dist 5" votes="6" />
                <Precinct name="Wilkinsburg Ward 1 Dist 6" votes="4" />
                <Precinct name="Wilkinsburg Ward 2 Dist 1" votes="2" />
                <Precinct name="Wilkinsburg Ward 2 Dist 2" votes="21" />
                <Precinct name="Wilkinsburg Ward 2 Dist 3" votes="3" />
                <Precinct name="Wilkinsburg Ward 2 Dist 4" votes="3" />
                <Precinct name="Wilkinsburg Ward 2 Dist 5" votes="1" />
                <Precinct name="Wilkinsburg Ward 3 Dist 1" votes="5" />
                <Precinct name="Wilkinsburg Ward 3 Dist 2" votes="2" />
                <Precinct name="Wilkinsburg Ward 3 Dist 3" votes="1" />
                <Precinct name="Wilkinsburg Ward 3 Dist 4" votes="9" />
                <Precinct name="Wilkinsburg Ward 3 Dist 5" votes="2" />
                <Precinct name="Wilkinsburg Ward 3 Dist 6" votes="1" />
            </VoteType>
            <VoteType name="Absentee" votes="377">
                <Precinct name="Braddock Ward 1" votes="0" />
                <Precinct name="Braddock Ward 2" votes="4" />
                <Precinct name="Braddock Ward 3" votes="0" />
                <Precinct name="Braddock Hl Dist 1" votes="14" />
                <Precinct name="Braddock Hl Dist 2" votes="8" />
                <Precinct name="Chalfant Dist 1" votes="11" />
                <Precinct name="Churchill Dist 1" votes="9" />
                <Precinct name="Churchill Dist 2" votes="11" />
                <Precinct name="Churchill Dist 3" votes="13" />
                <Precinct name="Churchill Dist 4" votes="7" />
                <Precinct name="E Pittsburgh Ward 1" votes="3" />
                <Precinct name="E Pittsburgh Ward 2" votes="0" />
                <Precinct name="E Pittsburgh Ward 3" votes="0" />
                <Precinct name="Edgewood Dist 1" votes="6" />
                <Precinct name="Edgewood Dist 2" votes="9" />
                <Precinct name="Edgewood Dist 3" votes="8" />
                <Precinct name="Forest Hills Dist 1" votes="10" />
                <Precinct name="Forest Hills Dist 2" votes="7" />
                <Precinct name="Forest Hills Dist 3" votes="6" />
                <Precinct name="Forest Hills Dist 4" votes="8" />
                <Precinct name="Forest Hills Dist 5" votes="11" />
                <Precinct name="Forest Hills Dist 6" votes="8" />
                <Precinct name="Forest Hills Dist 7" votes="1" />
                <Precinct name="Forest Hills Dist 8" votes="12" />
                <Precinct name="N Braddock Ward 1 Dist 1" votes="8" />
                <Precinct name="N Braddock Ward 1 Dist 2" votes="6" />
                <Precinct name="N Braddock Ward 1 Dist 3" votes="5" />
                <Precinct name="N Braddock Ward 2 Dist 1" votes="1" />
                <Precinct name="N Braddock Ward 2 Dist 2" votes="6" />
                <Precinct name="N Braddock Ward 3 Dist 1" votes="0" />
                <Precinct name="N Braddock Ward 3 Dist 2" votes="4" />
                <Precinct name="Pittsburgh Ward 13 Dist 1" votes="0" />
                <Precinct name="Pittsburgh Ward 13 Dist 8" votes="0" />
                <Precinct name="Pittsburgh Ward 13 Dist 10" votes="0" />
                <Precinct name="Pittsburgh Ward 13 Dist 13" votes="0" />
                <Precinct name="Pittsburgh Ward 13 Dist 14" votes="1" />
                <Precinct name="Pittsburgh Ward 14 Dist 12" votes="2" />
                <Precinct name="Pittsburgh Ward 14 Dist 13" votes="3" />
                <Precinct name="Pittsburgh Ward 14 Dist 14" votes="8" />
                <Precinct name="Pittsburgh Ward 14 Dist 15" votes="0" />
                <Precinct name="Pittsburgh Ward 14 Dist 16" votes="3" />
                <Precinct name="Pittsburgh Ward 14 Dist 17" votes="5" />
                <Precinct name="Pittsburgh Ward 14 Dist 18" votes="2" />
                <Precinct name="Rankin Ward 1" votes="2" />
                <Precinct name="Rankin Ward 2" votes="2" />
                <Precinct name="Rankin Ward 3" votes="0" />
                <Precinct name="Swissvale Dist 1" votes="2" />
                <Precinct name="Swissvale Dist 2" votes="4" />
                <Precinct name="Swissvale Dist 3" votes="0" />
                <Precinct name="Swissvale Dist 4" votes="2" />
                <Precinct name="Swissvale Dist 5" votes="7" />
                <Precinct name="Swissvale Dist 6" votes="2" />
                <Precinct name="Swissvale Dist 7" votes="1" />
                <Precinct name="Swissvale Dist 8" votes="9" />
                <Precinct name="Swissvale Dist 9" votes="0" />
                <Precinct name="Swissvale Dist 10" votes="0" />
                <Precinct name="Swissvale Dist 11" votes="4" />
                <Precinct name="Wilkins Ward 1 Dist 1" votes="7" />
                <Precinct name="Wilkins Ward 1 Dist 2" votes="11" />
                <Precinct name="Wilkins Ward 1 Dist 3" votes="11" />
                <Precinct name="Wilkins Ward 1 Dist 4" votes="12" />
                <Precinct name="Wilkins Ward 1 Dist 5" votes="2" />
                <Precinct name="Wilkins Ward 2 Dist 1" votes="9" />
                <Precinct name="Wilkins Ward 2 Dist 2" votes="13" />
                <Precinct name="Wilkinsburg Ward 1 Dist 1" votes="2" />
                <Precinct name="Wilkinsburg Ward 1 Dist 2" votes="1" />
                <Precinct name="Wilkinsburg Ward 1 Dist 3" votes="2" />
                <Precinct name="Wilkinsburg Ward 1 Dist 4" votes="5" />
                <Precinct name="Wilkinsburg Ward 1 Dist 5" votes="8" />
                <Precinct name="Wilkinsburg Ward 1 Dist 6" votes="5" />
                <Precinct name="Wilkinsburg Ward 2 Dist 1" votes="11" />
                <Precinct name="Wilkinsburg Ward 2 Dist 2" votes="2" />
                <Precinct name="Wilkinsburg Ward 2 Dist 3" votes="0" />
                <Precinct name="Wilkinsburg Ward 2 Dist 4" votes="0" />
                <Precinct name="Wilkinsburg Ward 2 Dist 5" votes="1" />
                <Precinct name="Wilkinsburg Ward 3 Dist 1" votes="6" />
                <Precinct name="Wilkinsburg Ward 3 Dist 2" votes="6" />
                <Precinct name="Wilkinsburg Ward 3 Dist 3" votes="2" />
                <Precinct name="Wilkinsburg Ward 3 Dist 4" votes="5" />
                <Precinct name="Wilkinsburg Ward 3 Dist 5" votes="1" />
                <Precinct name="Wilkinsburg Ward 3 Dist 6" votes="0" />
            </VoteType>
            <VoteType name="Provisional" votes="0">
                <Precinct name="Braddock Ward 1" votes="0" />
                <Precinct name="Braddock Ward 2" votes="0" />
                <Precinct name="Braddock Ward 3" votes="0" />
                <Precinct name="Braddock Hl Dist 1" votes="0" />
                <Precinct name="Braddock Hl Dist 2" votes="0" />
                <Precinct name="Chalfant Dist 1" votes="0" />
                <Precinct name="Churchill Dist 1" votes="0" />
                <Precinct name="Churchill Dist 2" votes="0" />
                <Precinct name="Churchill Dist 3" votes="0" />
                <Precinct name="Churchill Dist 4" votes="0" />
                <Precinct name="E Pittsburgh Ward 1" votes="0" />
                <Precinct name="E Pittsburgh Ward 2" votes="0" />
                <Precinct name="E Pittsburgh Ward 3" votes="0" />
                <Precinct name="Edgewood Dist 1" votes="0" />
                <Precinct name="Edgewood Dist 2" votes="0" />
                <Precinct name="Edgewood Dist 3" votes="0" />
                <Precinct name="Forest Hills Dist 1" votes="0" />
                <Precinct name="Forest Hills Dist 2" votes="0" />
                <Precinct name="Forest Hills Dist 3" votes="0" />
                <Precinct name="Forest Hills Dist 4" votes="0" />
                <Precinct name="Forest Hills Dist 5" votes="0" />
                <Precinct name="Forest Hills Dist 6" votes="0" />
                <Precinct name="Forest Hills Dist 7" votes="0" />
                <Precinct name="Forest Hills Dist 8" votes="0" />
                <Precinct name="N Braddock Ward 1 Dist 1" votes="0" />
                <Precinct name="N Braddock Ward 1 Dist 2" votes="0" />
                <Precinct name="N Braddock Ward 1 Dist 3" votes="0" />
                <Precinct name="N Braddock Ward 2 Dist 1" votes="0" />
                <Precinct name="N Braddock Ward 2 Dist 2" votes="0" />
                <Precinct name="N Braddock Ward 3 Dist 1" votes="0" />
                <Precinct name="N Braddock Ward 3 Dist 2" votes="0" />
                <Precinct name="Pittsburgh Ward 13 Dist 1" votes="0" />
                <Precinct name="Pittsburgh Ward 13 Dist 8" votes="0" />
                <Precinct name="Pittsburgh Ward 13 Dist 10" votes="0" />
                <Precinct name="Pittsburgh Ward 13 Dist 13" votes="0" />
                <Precinct name="Pittsburgh Ward 13 Dist 14" votes="0" />
                <Precinct name="Pittsburgh Ward 14 Dist 12" votes="0" />
                <Precinct name="Pittsburgh Ward 14 Dist 13" votes="0" />
                <Precinct name="Pittsburgh Ward 14 Dist 14" votes="0" />
                <Precinct name="Pittsburgh Ward 14 Dist 15" votes="0" />
                <Precinct name="Pittsburgh Ward 14 Dist 16" votes="0" />
                <Precinct name="Pittsburgh Ward 14 Dist 17" votes="0" />
                <Precinct name="Pittsburgh Ward 14 Dist 18" votes="0" />
                <Precinct name="Rankin Ward 1" votes="0" />
                <Precinct name="Rankin Ward 2" votes="0" />
                <Precinct name="Rankin Ward 3" votes="0" />
                <Precinct name="Swissvale Dist 1" votes="0" />
                <Precinct name="Swissvale Dist 2" votes="0" />
                <Precinct name="Swissvale Dist 3" votes="0" />
                <Precinct name="Swissvale Dist 4" votes="0" />
                <Precinct name="Swissvale Dist 5" votes="0" />
                <Precinct name="Swissvale Dist 6" votes="0" />
                <Precinct name="Swissvale Dist 7" votes="0" />
                <Precinct name="Swissvale Dist 8" votes="0" />
                <Precinct name="Swissvale Dist 9" votes="0" />
                <Precinct name="Swissvale Dist 10" votes="0" />
                <Precinct name="Swissvale Dist 11" votes="0" />
                <Precinct name="Wilkins Ward 1 Dist 1" votes="0" />
                <Precinct name="Wilkins Ward 1 Dist 2" votes="0" />
                <Precinct name="Wilkins Ward 1 Dist 3" votes="0" />
                <Precinct name="Wilkins Ward 1 Dist 4" votes="0" />
                <Precinct name="Wilkins Ward 1 Dist 5" votes="0" />
                <Precinct name="Wilkins Ward 2 Dist 1" votes="0" />
                <Precinct name="Wilkins Ward 2 Dist 2" votes="0" />
                <Precinct name="Wilkinsburg Ward 1 Dist 1" votes="0" />
                <Precinct name="Wilkinsburg Ward 1 Dist 2" votes="0" />
                <Precinct name="Wilkinsburg Ward 1 Dist 3" votes="0" />
                <Precinct name="Wilkinsburg Ward 1 Dist 4" votes="0" />
                <Precinct name="Wilkinsburg Ward 1 Dist 5" votes="0" />
                <Precinct name="Wilkinsburg Ward 1 Dist 6" votes="0" />
                <Precinct name="Wilkinsburg Ward 2 Dist 1" votes="0" />
                <Precinct name="Wilkinsburg Ward 2 Dist 2" votes="0" />
                <Precinct name="Wilkinsburg Ward 2 Dist 3" votes="0" />
                <Precinct name="Wilkinsburg Ward 2 Dist 4" votes="0" />
                <Precinct name="Wilkinsburg Ward 2 Dist 5" votes="0" />
                <Precinct name="Wilkinsburg Ward 3 Dist 1" votes="0" />
                <Precinct name="Wilkinsburg Ward 3 Dist 2" votes="0" />
                <Precinct name="Wilkinsburg Ward 3 Dist 3" votes="0" />
                <Precinct name="Wilkinsburg Ward 3 Dist 4" votes="0" />
                <Precinct name="Wilkinsburg Ward 3 Dist 5" votes="0" />
                <Precinct name="Wilkinsburg Ward 3 Dist 6" votes="0" />
            </VoteType>
        </Choice>
        <Choice key="004" text="Write-in" party="NON" totalVotes="39">
            <VoteType name="Election Day" votes="27">
                <Precinct name="Braddock Ward 1" votes="0" />
                <Precinct name="Braddock Ward 2" votes="2" />
                <Precinct name="Braddock Ward 3" votes="0" />
                <Precinct name="Braddock Hl Dist 1" votes="0" />
                <Precinct name="Braddock Hl Dist 2" votes="0" />
                <Precinct name="Chalfant Dist 1" votes="1" />
                <Precinct name="Churchill Dist 1" votes="0" />
                <Precinct name="Churchill Dist 2" votes="0" />
                <Precinct name="Churchill Dist 3" votes="0" />
                <Precinct name="Churchill Dist 4" votes="0" />
                <Precinct name="E Pittsburgh Ward 1" votes="0" />
                <Precinct name="E Pittsburgh Ward 2" votes="0" />
                <Precinct name="E Pittsburgh Ward 3" votes="0" />
                <Precinct name="Edgewood Dist 1" votes="0" />
                <Precinct name="Edgewood Dist 2" votes="0" />
                <Precinct name="Edgewood Dist 3" votes="0" />
                <Precinct name="Forest Hills Dist 1" votes="0" />
                <Precinct name="Forest Hills Dist 2" votes="0" />
                <Precinct name="Forest Hills Dist 3" votes="2" />
                <Precinct name="Forest Hills Dist 4" votes="0" />
                <Precinct name="Forest Hills Dist 5" votes="0" />
                <Precinct name="Forest Hills Dist 6" votes="1" />
                <Precinct name="Forest Hills Dist 7" votes="0" />
                <Precinct name="Forest Hills Dist 8" votes="0" />
                <Precinct name="N Braddock Ward 1 Dist 1" votes="0" />
                <Precinct name="N Braddock Ward 1 Dist 2" votes="0" />
                <Precinct name="N Braddock Ward 1 Dist 3" votes="0" />
                <Precinct name="N Braddock Ward 2 Dist 1" votes="1" />
                <Precinct name="N Braddock Ward 2 Dist 2" votes="2" />
                <Precinct name="N Braddock Ward 3 Dist 1" votes="0" />
                <Precinct name="N Braddock Ward 3 Dist 2" votes="0" />
                <Precinct name="Pittsburgh Ward 13 Dist 1" votes="1" />
                <Precinct name="Pittsburgh Ward 13 Dist 8" votes="0" />
                <Precinct name="Pittsburgh Ward 13 Dist 10" votes="0" />
                <Precinct name="Pittsburgh Ward 13 Dist 13" votes="0" />
                <Precinct name="Pittsburgh Ward 13 Dist 14" votes="0" />
                <Precinct name="Pittsburgh Ward 14 Dist 12" votes="0" />
                <Precinct name="Pittsburgh Ward 14 Dist 13" votes="0" />
                <Precinct name="Pittsburgh Ward 14 Dist 14" votes="0" />
                <Precinct name="Pittsburgh Ward 14 Dist 15" votes="0" />
                <Precinct name="Pittsburgh Ward 14 Dist 16" votes="0" />
                <Precinct name="Pittsburgh Ward 14 Dist 17" votes="1" />
                <Precinct name="Pittsburgh Ward 14 Dist 18" votes="0" />
                <Precinct name="Rankin Ward 1" votes="0" />
                <Precinct name="Rankin Ward 2" votes="2" />
                <Precinct name="Rankin Ward 3" votes="0" />
                <Precinct name="Swissvale Dist 1" votes="0" />
                <Precinct name="Swissvale Dist 2" votes="1" />
                <Precinct name="Swissvale Dist 3" votes="0" />
                <Precinct name="Swissvale Dist 4" votes="0" />
                <Precinct name="Swissvale Dist 5" votes="0" />
                <Precinct name="Swissvale Dist 6" votes="1" />
                <Precinct name="Swissvale Dist 7" votes="0" />
                <Precinct name="Swissvale Dist 8" votes="1" />
                <Precinct name="Swissvale Dist 9" votes="0" />
                <Precinct name="Swissvale Dist 10" votes="0" />
                <Precinct name="Swissvale Dist 11" votes="0" />
                <Precinct name="Wilkins Ward 1 Dist 1" votes="0" />
                <Precinct name="Wilkins Ward 1 Dist 2" votes="0" />
                <Precinct name="Wilkins Ward 1 Dist 3" votes="1" />
                <Precinct name="Wilkins Ward 1 Dist 4" votes="0" />
                <Precinct name="Wilkins Ward 1 Dist 5" votes="0" />
                <Precinct name="Wilkins Ward 2 Dist 1" votes="1" />
                <Precinct name="Wilkins Ward 2 Dist 2" votes="1" />
                <Precinct name="Wilkinsburg Ward 1 Dist 1" votes="2" />
                <Precinct name="Wilkinsburg Ward 1 Dist 2" votes="1" />
                <Precinct name="Wilkinsburg Ward 1 Dist 3" votes="0" />
                <Precinct name="Wilkinsburg Ward 1 Dist 4" votes="1" />
                <Precinct name="Wilkinsburg Ward 1 Dist 5" votes="1" />
                <Precinct name="Wilkinsburg Ward 1 Dist 6" votes="0" />
                <Precinct name="Wilkinsburg Ward 2 Dist 1" votes="0" />
                <Precinct name="Wilkinsburg Ward 2 Dist 2" votes="2" />
                <Precinct name="Wilkinsburg Ward 2 Dist 3" votes="0" />
                <Precinct name="Wilkinsburg Ward 2 Dist 4" votes="0" />
                <Precinct name="Wilkinsburg Ward 2 Dist 5" votes="0" />
                <Precinct name="Wilkinsburg Ward 3 Dist 1" votes="0" />
                <Precinct name="Wilkinsburg Ward 3 Dist 2" votes="1" />
                <Precinct name="Wilkinsburg Ward 3 Dist 3" votes="0" />
                <Precinct name="Wilkinsburg Ward 3 Dist 4" votes="0" />
                <Precinct name="Wilkinsburg Ward 3 Dist 5" votes="0" />
                <Precinct name="Wilkinsburg Ward 3 Dist 6" votes="0" />
            </VoteType>
            <VoteType name="Absentee" votes="12">
                <Precinct name="Braddock Ward 1" votes="0" />
                <Precinct name="Braddock Ward 2" votes="0" />
                <Precinct name="Braddock Ward 3" votes="0" />
                <Precinct name="Braddock Hl Dist 1" votes="2" />
                <Precinct name="Braddock Hl Dist 2" votes="0" />
                <Precinct name="Chalfant Dist 1" votes="0" />
                <Precinct name="Churchill Dist 1" votes="0" />
                <Precinct name="Churchill Dist 2" votes="0" />
                <Precinct name="Churchill Dist 3" votes="0" />
                <Precinct name="Churchill Dist 4" votes="0" />
                <Precinct name="E Pittsburgh Ward 1" votes="0" />
                <Precinct name="E Pittsburgh Ward 2" votes="0" />
                <Precinct name="E Pittsburgh Ward 3" votes="0" />
                <Precinct name="Edgewood Dist 1" votes="0" />
                <Precinct name="Edgewood Dist 2" votes="0" />
                <Precinct name="Edgewood Dist 3" votes="0" />
                <Precinct name="Forest Hills Dist 1" votes="0" />
                <Precinct name="Forest Hills Dist 2" votes="0" />
                <Precinct name="Forest Hills Dist 3" votes="0" />
                <Precinct name="Forest Hills Dist 4" votes="0" />
                <Precinct name="Forest Hills Dist 5" votes="0" />
                <Precinct name="Forest Hills Dist 6" votes="0" />
                <Precinct name="Forest Hills Dist 7" votes="0" />
                <Precinct name="Forest Hills Dist 8" votes="0" />
                <Precinct name="N Braddock Ward 1 Dist 1" votes="0" />
                <Precinct name="N Braddock Ward 1 Dist 2" votes="0" />
                <Precinct name="N Braddock Ward 1 Dist 3" votes="0" />
                <Precinct name="N Braddock Ward 2 Dist 1" votes="0" />
                <Precinct name="N Braddock Ward 2 Dist 2" votes="0" />
                <Precinct name="N Braddock Ward 3 Dist 1" votes="0" />
                <Precinct name="N Braddock Ward 3 Dist 2" votes="0" />
                <Precinct name="Pittsburgh Ward 13 Dist 1" votes="0" />
                <Precinct name="Pittsburgh Ward 13 Dist 8" votes="0" />
                <Precinct name="Pittsburgh Ward 13 Dist 10" votes="0" />
                <Precinct name="Pittsburgh Ward 13 Dist 13" votes="0" />
                <Precinct name="Pittsburgh Ward 13 Dist 14" votes="0" />
                <Precinct name="Pittsburgh Ward 14 Dist 12" votes="0" />
                <Precinct name="Pittsburgh Ward 14 Dist 13" votes="0" />
                <Precinct name="Pittsburgh Ward 14 Dist 14" votes="0" />
                <Precinct name="Pittsburgh Ward 14 Dist 15" votes="0" />
                <Precinct name="Pittsburgh Ward 14 Dist 16" votes="0" />
                <Precinct name="Pittsburgh Ward 14 Dist 17" votes="1" />
                <Precinct name="Pittsburgh Ward 14 Dist 18" votes="0" />
                <Precinct name="Rankin Ward 1" votes="0" />
                <Precinct name="Rankin Ward 2" votes="0" />
                <Precinct name="Rankin Ward 3" votes="0" />
                <Precinct name="Swissvale Dist 1" votes="1" />
                <Precinct name="Swissvale Dist 2" votes="1" />
                <Precinct name="Swissvale Dist 3" votes="1" />
                <Precinct name="Swissvale Dist 4" votes="1" />
                <Precinct name="Swissvale Dist 5" votes="0" />
                <Precinct name="Swissvale Dist 6" votes="0" />
                <Precinct name="Swissvale Dist 7" votes="0" />
                <Precinct name="Swissvale Dist 8" votes="1" />
                <Precinct name="Swissvale Dist 9" votes="0" />
                <Precinct name="Swissvale Dist 10" votes="0" />
                <Precinct name="Swissvale Dist 11" votes="0" />
                <Precinct name="Wilkins Ward 1 Dist 1" votes="0" />
                <Precinct name="Wilkins Ward 1 Dist 2" votes="0" />
                <Precinct name="Wilkins Ward 1 Dist 3" votes="0" />
                <Precinct name="Wilkins Ward 1 Dist 4" votes="0" />
                <Precinct name="Wilkins Ward 1 Dist 5" votes="0" />
                <Precinct name="Wilkins Ward 2 Dist 1" votes="0" />
                <Precinct name="Wilkins Ward 2 Dist 2" votes="0" />
                <Precinct name="Wilkinsburg Ward 1 Dist 1" votes="1" />
                <Precinct name="Wilkinsburg Ward 1 Dist 2" votes="1" />
                <Precinct name="Wilkinsburg Ward 1 Dist 3" votes="0" />
                <Precinct name="Wilkinsburg Ward 1 Dist 4" votes="1" />
                <Precinct name="Wilkinsburg Ward 1 Dist 5" votes="0" />
                <Precinct name="Wilkinsburg Ward 1 Dist 6" votes="0" />
                <Precinct name="Wilkinsburg Ward 2 Dist 1" votes="0" />
                <Precinct name="Wilkinsburg Ward 2 Dist 2" votes="0" />
                <Precinct name="Wilkinsburg Ward 2 Dist 3" votes="1" />
                <Precinct name="Wilkinsburg Ward 2 Dist 4" votes="0" />
                <Precinct name="Wilkinsburg Ward 2 Dist 5" votes="0" />
                <Precinct name="Wilkinsburg Ward 3 Dist 1" votes="0" />
                <Precinct name="Wilkinsburg Ward 3 Dist 2" votes="0" />
                <Precinct name="Wilkinsburg Ward 3 Dist 3" votes="0" />
                <Precinct name="Wilkinsburg Ward 3 Dist 4" votes="0" />
                <Precinct name="Wilkinsburg Ward 3 Dist 5" votes="0" />
                <Precinct name="Wilkinsburg Ward 3 Dist 6" votes="0" />
            </VoteType>
            <VoteType name="Provisional" votes="0">
                <Precinct name="Braddock Ward 1" votes="0" />
                <Precinct name="Braddock Ward 2" votes="0" />
                <Precinct name="Braddock Ward 3" votes="0" />
                <Precinct name="Braddock Hl Dist 1" votes="0" />
                <Precinct name="Braddock Hl Dist 2" votes="0" />
                <Precinct name="Chalfant Dist 1" votes="0" />
                <Precinct name="Churchill Dist 1" votes="0" />
                <Precinct name="Churchill Dist 2" votes="0" />
                <Precinct name="Churchill Dist 3" votes="0" />
                <Precinct name="Churchill Dist 4" votes="0" />
                <Precinct name="E Pittsburgh Ward 1" votes="0" />
                <Precinct name="E Pittsburgh Ward 2" votes="0" />
                <Precinct name="E Pittsburgh Ward 3" votes="0" />
                <Precinct name="Edgewood Dist 1" votes="0" />
                <Precinct name="Edgewood Dist 2" votes="0" />
                <Precinct name="Edgewood Dist 3" votes="0" />
                <Precinct name="Forest Hills Dist 1" votes="0" />
                <Precinct name="Forest Hills Dist 2" votes="0" />
                <Precinct name="Forest Hills Dist 3" votes="0" />
                <Precinct name="Forest Hills Dist 4" votes="0" />
                <Precinct name="Forest Hills Dist 5" votes="0" />
                <Precinct name="Forest Hills Dist 6" votes="0" />
                <Precinct name="Forest Hills Dist 7" votes="0" />
                <Precinct name="Forest Hills Dist 8" votes="0" />
                <Precinct name="N Braddock Ward 1 Dist 1" votes="0" />
                <Precinct name="N Braddock Ward 1 Dist 2" votes="0" />
                <Precinct name="N Braddock Ward 1 Dist 3" votes="0" />
                <Precinct name="N Braddock Ward 2 Dist 1" votes="0" />
                <Precinct name="N Braddock Ward 2 Dist 2" votes="0" />
                <Precinct name="N Braddock Ward 3 Dist 1" votes="0" />
                <Precinct name="N Braddock Ward 3 Dist 2" votes="0" />
                <Precinct name="Pittsburgh Ward 13 Dist 1" votes="0" />
                <Precinct name="Pittsburgh Ward 13 Dist 8" votes="0" />
                <Precinct name="Pittsburgh Ward 13 Dist 10" votes="0" />
                <Precinct name="Pittsburgh Ward 13 Dist 13" votes="0" />
                <Precinct name="Pittsburgh Ward 13 Dist 14" votes="0" />
                <Precinct name="Pittsburgh Ward 14 Dist 12" votes="0" />
                <Precinct name="Pittsburgh Ward 14 Dist 13" votes="0" />
                <Precinct name="Pittsburgh Ward 14 Dist 14" votes="0" />
                <Precinct name="Pittsburgh Ward 14 Dist 15" votes="0" />
                <Precinct name="Pittsburgh Ward 14 Dist 16" votes="0" />
                <Precinct name="Pittsburgh Ward 14 Dist 17" votes="0" />
                <Precinct name="Pittsburgh Ward 14 Dist 18" votes="0" />
                <Precinct name="Rankin Ward 1" votes="0" />
                <Precinct name="Rankin Ward 2" votes="0" />
                <Precinct name="Rankin Ward 3" votes="0" />
                <Precinct name="Swissvale Dist 1" votes="0" />
                <Precinct name="Swissvale Dist 2" votes="0" />
                <Precinct name="Swissvale Dist 3" votes="0" />
                <Precinct name="Swissvale Dist 4" votes="0" />
                <Precinct name="Swissvale Dist 5" votes="0" />
                <Precinct name="Swissvale Dist 6" votes="0" />
                <Precinct name="Swissvale Dist 7" votes="0" />
                <Precinct name="Swissvale Dist 8" votes="0" />
                <Precinct name="Swissvale Dist 9" votes="0" />
                <Precinct name="Swissvale Dist 10" votes="0" />
                <Precinct name="Swissvale Dist 11" votes="0" />
                <Precinct name="Wilkins Ward 1 Dist 1" votes="0" />
                <Precinct name="Wilkins Ward 1 Dist 2" votes="0" />
                <Precinct name="Wilkins Ward 1 Dist 3" votes="0" />
                <Precinct name="Wilkins Ward 1 Dist 4" votes="0" />
                <Precinct name="Wilkins Ward 1 Dist 5" votes="0" />
                <Precinct name="Wilkins Ward 2 Dist 1" votes="0" />
                <Precinct name="Wilkins Ward 2 Dist 2" votes="0" />
                <Precinct name="Wilkinsburg Ward 1 Dist 1" votes="0" />
                <Precinct name="Wilkinsburg Ward 1 Dist 2" votes="0" />
                <Precinct name="Wilkinsburg Ward 1 Dist 3" votes="0" />
                <Precinct name="Wilkinsburg Ward 1 Dist 4" votes="0" />
                <Precinct name="Wilkinsburg Ward 1 Dist 5" votes="0" />
                <Precinct name="Wilkinsburg Ward 1 Dist 6" votes="0" />
                <Precinct name="Wilkinsburg Ward 2 Dist 1" votes="0" />
                <Precinct name="Wilkinsburg Ward 2 Dist 2" votes="0" />
                <Precinct name="Wilkinsburg Ward 2 Dist 3" votes="0" />
                <Precinct name="Wilkinsburg Ward 2 Dist 4" votes="0" />
                <Precinct name="Wilkinsburg Ward 2 Dist 5" votes="0" />
                <Precinct name="Wilkinsburg Ward 3 Dist 1" votes="0" />
                <Precinct name="Wilkinsburg Ward 3 Dist 2" votes="0" />
                <Precinct name="Wilkinsburg Ward 3 Dist 3" votes="0" />
                <Precinct name="Wilkinsburg Ward 3 Dist 4" votes="0" />
                <Precinct name="Wilkinsburg Ward 3 Dist 5" votes="0" />
                <Precinct name="Wilkinsburg Ward 3 Dist 6" votes="0" />
            </VoteType>
        </Choice>
    </Contest>
</ElectionResult>