county,precinct,office,party,candidate,votes
Greene,Greensboro Borough Voting Precinct,Dem Governor,Democrat,Josh Shapiro,19
Greene,Greensboro Borough Voting Precinct,Rep Governor,Republican,Stacy Garrity,20
Greene,Greensboro Borough Voting Precinct,Dem Lieutenant Governor,Democrat,Austin Davis,18
Greene,Greensboro Borough Voting Precinct,Rep Lieutenant Governor,Republican,John Ventre,13
Greene,Greensboro Borough Voting Precinct,Rep Lieutenant Governor,Republican,Jason Richey,6
Greene,Greensboro Borough Voting Precinct,Dem Representative In Congress 14th Congressional Distri,Democrat,Alan Bradstock,18
Greene,Greensboro Borough Voting Precinct,Rep Representative In Congress 14th Congressional Distri,Republican,Guy Reschenthaler,19
Greene,Greensboro Borough Voting Precinct,Dem Senator In The General Assembly 46th Senatorial Dist,Democrat,Evan Snyder,16
Greene,Greensboro Borough Voting Precinct,Rep Senator In The General Assembly 46th Senatorial Dist,Republican,Al Buchtan,14
Greene,Greensboro Borough Voting Precinct,Rep Senator In The General Assembly 46th Senatorial Dist,Republican,Camera Bartolotta,10
Greene,Greensboro Borough Voting Precinct,Dem Representative In The General Assembly 50th Legislat,Democrat,Lois Bower-bjornson,15
Greene,Greensboro Borough Voting Precinct,Rep Representative In The General Assembly 50th Legislat,Republican,Bud Cook,12
Greene,Greensboro Borough Voting Precinct,Rep Representative In The General Assembly 50th Legislat,Republican,Ben Humble,12
Greene,Greensboro Borough Voting Precinct,Dem Member Of Democratic State Committee,Democrat,Dave Coder,21
Greene,Greensboro Borough Voting Precinct,Rep Member Of Republican State Committee,Republican,Elizabeth Betsy Rohanna Mcclure,21
Greene,Jefferson Borough Voting Precinct,Dem Governor,Democrat,Josh Shapiro,30
Greene,Jefferson Borough Voting Precinct,Rep Governor,Republican,Stacy Garrity,23
Greene,Jefferson Borough Voting Precinct,Dem Lieutenant Governor,Democrat,Austin Davis,26
Greene,Jefferson Borough Voting Precinct,Rep Lieutenant Governor,Republican,John Ventre,10
Greene,Jefferson Borough Voting Precinct,Rep Lieutenant Governor,Republican,Jason Richey,12
Greene,Jefferson Borough Voting Precinct,Dem Representative In Congress 14th Congressional Distri,Democrat,Alan Bradstock,25
Greene,Jefferson Borough Voting Precinct,Rep Representative In Congress 14th Congressional Distri,Republican,Guy Reschenthaler,22
Greene,Jefferson Borough Voting Precinct,Dem Senator In The General Assembly 46th Senatorial Dist,Democrat,Evan Snyder,26
Greene,Jefferson Borough Voting Precinct,Rep Senator In The General Assembly 46th Senatorial Dist,Republican,Al Buchtan,16
Greene,Jefferson Borough Voting Precinct,Rep Senator In The General Assembly 46th Senatorial Dist,Republican,Camera Bartolotta,9
Greene,Jefferson Borough Voting Precinct,Dem Representative In The General Assembly 50th Legislat,Democrat,Lois Bower-bjornson,22
Greene,Jefferson Borough Voting Precinct,Rep Representative In The General Assembly 50th Legislat,Republican,Bud Cook,8
Greene,Jefferson Borough Voting Precinct,Rep Representative In The General Assembly 50th Legislat,Republican,Ben Humble,17
Greene,Jefferson Borough Voting Precinct,Dem Member Of Democratic State Committee,Democrat,Dave Coder,28
Greene,Jefferson Borough Voting Precinct,Rep Member Of Republican State Committee,Republican,Elizabeth Betsy Rohanna Mcclure,24
Greene,Carmichaels Borough Voting Precinct,Dem Governor,Democrat,Josh Shapiro,24
Greene,Carmichaels Borough Voting Precinct,Rep Governor,Republican,Stacy Garrity,52
Greene,Carmichaels Borough Voting Precinct,Dem Lieutenant Governor,Democrat,Austin Davis,23
Greene,Carmichaels Borough Voting Precinct,Rep Lieutenant Governor,Republican,John Ventre,31
Greene,Carmichaels Borough Voting Precinct,Rep Lieutenant Governor,Republican,Jason Richey,18
Greene,Carmichaels Borough Voting Precinct,Dem Representative In Congress 14th Congressional Distri,Democrat,Alan Bradstock,23
Greene,Carmichaels Borough Voting Precinct,Rep Representative In Congress 14th Congressional Distri,Republican,Guy Reschenthaler,59
Greene,Carmichaels Borough Voting Precinct,Dem Senator In The General Assembly 46th Senatorial Dist,Democrat,Evan Snyder,23
Greene,Carmichaels Borough Voting Precinct,Rep Senator In The General Assembly 46th Senatorial Dist,Republican,Al Buchtan,49
Greene,Carmichaels Borough Voting Precinct,Rep Senator In The General Assembly 46th Senatorial Dist,Republican,Camera Bartolotta,16
Greene,Carmichaels Borough Voting Precinct,Dem Representative In The General Assembly 50th Legislat,Democrat,Lois Bower-bjornson,22
Greene,Carmichaels Borough Voting Precinct,Rep Representative In The General Assembly 50th Legislat,Republican,Bud Cook,24
Greene,Carmichaels Borough Voting Precinct,Rep Representative In The General Assembly 50th Legislat,Republican,Ben Humble,37
Greene,Carmichaels Borough Voting Precinct,Dem Member Of Democratic State Committee,Democrat,Dave Coder,24
Greene,Carmichaels Borough Voting Precinct,Rep Member Of Republican State Committee,Republican,Elizabeth Betsy Rohanna Mcclure,51
Greene,Carmichaels Borough Voting Precinct,Rep Member Of Republican County Committee Carmichaels B (Vote for 2),Republican,Linda Antonini,47
Greene,Carmichaels Borough Voting Precinct,Rep Member Of Republican County Committee Carmichaels B (Vote for 2),Republican,David A. Antonini,52
Greene,Rices Landing Borough Voting Precinct,Dem Governor,Democrat,Josh Shapiro,41
Greene,Rices Landing Borough Voting Precinct,Rep Governor,Republican,Stacy Garrity,46
Greene,Rices Landing Borough Voting Precinct,Dem Lieutenant Governor,Democrat,Austin Davis,40
Greene,Rices Landing Borough Voting Precinct,Rep Lieutenant Governor,Republican,John Ventre,24
Greene,Rices Landing Borough Voting Precinct,Rep Lieutenant Governor,Republican,Jason Richey,21
Greene,Rices Landing Borough Voting Precinct,Dem Representative In Congress 14th Congressional Distri,Democrat,Alan Bradstock,42
Greene,Rices Landing Borough Voting Precinct,Rep Representative In Congress 14th Congressional Distri,Republican,Guy Reschenthaler,45
Greene,Rices Landing Borough Voting Precinct,Dem Senator In The General Assembly 46th Senatorial Dist,Democrat,Evan Snyder,40
Greene,Rices Landing Borough Voting Precinct,Rep Senator In The General Assembly 46th Senatorial Dist,Republican,Al Buchtan,32
Greene,Rices Landing Borough Voting Precinct,Rep Senator In The General Assembly 46th Senatorial Dist,Republican,Camera Bartolotta,17
Greene,Rices Landing Borough Voting Precinct,Dem Representative In The General Assembly 50th Legislat,Democrat,Lois Bower-bjornson,39
Greene,Rices Landing Borough Voting Precinct,Rep Representative In The General Assembly 50th Legislat,Republican,Bud Cook,17
Greene,Rices Landing Borough Voting Precinct,Rep Representative In The General Assembly 50th Legislat,Republican,Ben Humble,33
Greene,Rices Landing Borough Voting Precinct,Dem Member Of Democratic State Committee,Democrat,Dave Coder,44
Greene,Rices Landing Borough Voting Precinct,Rep Member Of Republican State Committee,Republican,Elizabeth Betsy Rohanna Mcclure,46
Greene,Waynesburg Borough #1 Voting Precinct,Dem Governor,Democrat,Josh Shapiro,73
Greene,Waynesburg Borough #1 Voting Precinct,Rep Governor,Republican,Stacy Garrity,90
Greene,Waynesburg Borough #1 Voting Precinct,Dem Lieutenant Governor,Democrat,Austin Davis,69
Greene,Waynesburg Borough #1 Voting Precinct,Rep Lieutenant Governor,Republican,John Ventre,46
Greene,Waynesburg Borough #1 Voting Precinct,Rep Lieutenant Governor,Republican,Jason Richey,47
Greene,Waynesburg Borough #1 Voting Precinct,Dem Representative In Congress 14th Congressional Distri,Democrat,Alan Bradstock,65
Greene,Waynesburg Borough #1 Voting Precinct,Rep Representative In Congress 14th Congressional Distri,Republican,Guy Reschenthaler,93
Greene,Waynesburg Borough #1 Voting Precinct,Dem Senator In The General Assembly 46th Senatorial Dist,Democrat,Evan Snyder,65
Greene,Waynesburg Borough #1 Voting Precinct,Rep Senator In The General Assembly 46th Senatorial Dist,Republican,Al Buchtan,47
Greene,Waynesburg Borough #1 Voting Precinct,Rep Senator In The General Assembly 46th Senatorial Dist,Republican,Camera Bartolotta,50
Greene,Waynesburg Borough #1 Voting Precinct,Dem Representative In The General Assembly 50th Legislat,Democrat,Lois Bower-bjornson,55
Greene,Waynesburg Borough #1 Voting Precinct,Rep Representative In The General Assembly 50th Legislat,Republican,Bud Cook,19
Greene,Waynesburg Borough #1 Voting Precinct,Rep Representative In The General Assembly 50th Legislat,Republican,Ben Humble,86
Greene,Waynesburg Borough #1 Voting Precinct,Dem Member Of Democratic State Committee,Democrat,Dave Coder,68
Greene,Waynesburg Borough #1 Voting Precinct,Rep Member Of Republican State Committee,Republican,Elizabeth Betsy Rohanna Mcclure,91
Greene,Waynesburg Borough #1 Voting Precinct,Rep Member Of Republican County Committee Waynesburg 1 (Vote for 2),Republican,Carolyn H. Mcgrath,77
Greene,Waynesburg Borough #1 Voting Precinct,Rep Member Of Republican County Committee Waynesburg 1 (Vote for 2),Republican,Tom Rohanna,88
Greene,Waynesburg Borough #2 Voting Precinct,Dem Governor,Democrat,Josh Shapiro,51
Greene,Waynesburg Borough #2 Voting Precinct,Rep Governor,Republican,Stacy Garrity,45
Greene,Waynesburg Borough #2 Voting Precinct,Dem Lieutenant Governor,Democrat,Austin Davis,48
Greene,Waynesburg Borough #2 Voting Precinct,Rep Lieutenant Governor,Republican,John Ventre,16
Greene,Waynesburg Borough #2 Voting Precinct,Rep Lieutenant Governor,Republican,Jason Richey,31
Greene,Waynesburg Borough #2 Voting Precinct,Dem Representative In Congress 14th Congressional Distri,Democrat,Alan Bradstock,45
Greene,Waynesburg Borough #2 Voting Precinct,Rep Representative In Congress 14th Congressional Distri,Republican,Guy Reschenthaler,50
Greene,Waynesburg Borough #2 Voting Precinct,Dem Senator In The General Assembly 46th Senatorial Dist,Democrat,Evan Snyder,44
Greene,Waynesburg Borough #2 Voting Precinct,Rep Senator In The General Assembly 46th Senatorial Dist,Republican,Al Buchtan,26
Greene,Waynesburg Borough #2 Voting Precinct,Rep Senator In The General Assembly 46th Senatorial Dist,Republican,Camera Bartolotta,28
Greene,Waynesburg Borough #2 Voting Precinct,Dem Representative In The General Assembly 50th Legislat,Democrat,Lois Bower-bjornson,43
Greene,Waynesburg Borough #2 Voting Precinct,Rep Representative In The General Assembly 50th Legislat,Republican,Bud Cook,26
Greene,Waynesburg Borough #2 Voting Precinct,Rep Representative In The General Assembly 50th Legislat,Republican,Ben Humble,31
Greene,Waynesburg Borough #2 Voting Precinct,Dem Member Of Democratic State Committee,Democrat,Dave Coder,46
Greene,Waynesburg Borough #2 Voting Precinct,Dem Member Of County Democratic Committee Waynesburg 2 (Vote for 2),Democrat,Richard Hunnell,46
Greene,Waynesburg Borough #2 Voting Precinct,Rep Member Of Republican State Committee,Republican,Elizabeth Betsy Rohanna Mcclure,44
Greene,Waynesburg Borough #2 Voting Precinct,Rep Member Of Republican County Committee Waynesburg 2 (Vote for 2),Republican,Aaron A k Ketchem,38
Greene,Waynesburg Borough #2 Voting Precinct,Rep Member Of Republican County Committee Waynesburg 2 (Vote for 2),Republican,Sherry L. Stoneking,35
Greene,Waynesburg Borough #2 Voting Precinct,Rep Member Of Republican County Committee Waynesburg 2 (Vote for 2),Republican,Zebulun E. Mcnett,10
Greene,Waynesburg Borough #3 Voting Precinct,Dem Governor,Democrat,Josh Shapiro,56
Greene,Waynesburg Borough #3 Voting Precinct,Rep Governor,Republican,Stacy Garrity,70
Greene,Waynesburg Borough #3 Voting Precinct,Dem Lieutenant Governor,Democrat,Austin Davis,56
Greene,Waynesburg Borough #3 Voting Precinct,Rep Lieutenant Governor,Republican,John Ventre,28
Greene,Waynesburg Borough #3 Voting Precinct,Rep Lieutenant Governor,Republican,Jason Richey,42
Greene,Waynesburg Borough #3 Voting Precinct,Dem Representative In Congress 14th Congressional Distri,Democrat,Alan Bradstock,49
Greene,Waynesburg Borough #3 Voting Precinct,Rep Representative In Congress 14th Congressional Distri,Republican,Guy Reschenthaler,78
Greene,Waynesburg Borough #3 Voting Precinct,Dem Senator In The General Assembly 46th Senatorial Dist,Democrat,Evan Snyder,50
Greene,Waynesburg Borough #3 Voting Precinct,Rep Senator In The General Assembly 46th Senatorial Dist,Republican,Al Buchtan,43
Greene,Waynesburg Borough #3 Voting Precinct,Rep Senator In The General Assembly 46th Senatorial Dist,Republican,Camera Bartolotta,40
Greene,Waynesburg Borough #3 Voting Precinct,Dem Representative In The General Assembly 50th Legislat,Democrat,Lois Bower-bjornson,47
Greene,Waynesburg Borough #3 Voting Precinct,Rep Representative In The General Assembly 50th Legislat,Republican,Bud Cook,25
Greene,Waynesburg Borough #3 Voting Precinct,Rep Representative In The General Assembly 50th Legislat,Republican,Ben Humble,63
Greene,Waynesburg Borough #3 Voting Precinct,Dem Member Of Democratic State Committee,Democrat,Dave Coder,50
Greene,Waynesburg Borough #3 Voting Precinct,Dem Member Of County Democratic Committee Waynesburg 3 (Vote for 2),Democrat,Christine Bailey,49
Greene,Waynesburg Borough #3 Voting Precinct,Dem Member Of County Democratic Committee Waynesburg 3 (Vote for 2),Democrat,Lynne W. Snyder,52
Greene,Waynesburg Borough #3 Voting Precinct,Rep Member Of Republican State Committee,Republican,Elizabeth Betsy Rohanna Mcclure,74
Greene,Waynesburg Borough #3 Voting Precinct,Rep Member Of Republican County Committee Waynesburg 3 (Vote for 2),Republican,Michael Simms,51
Greene,Waynesburg Borough #3 Voting Precinct,Rep Member Of Republican County Committee Waynesburg 3 (Vote for 2),Republican,Teresa Simms,52
Greene,Waynesburg Borough #3 Voting Precinct,Rep Member Of Republican County Committee Waynesburg 3 (Vote for 2),Republican,"Mark S. Mccullough, Jr",41
Greene,Clarksville Borough Voting Precinct,Dem Governor,Democrat,Josh Shapiro,12
Greene,Clarksville Borough Voting Precinct,Rep Governor,Republican,Stacy Garrity,12
Greene,Clarksville Borough Voting Precinct,Dem Lieutenant Governor,Democrat,Austin Davis,11
Greene,Clarksville Borough Voting Precinct,Rep Lieutenant Governor,Republican,John Ventre,7
Greene,Clarksville Borough Voting Precinct,Rep Lieutenant Governor,Republican,Jason Richey,4
Greene,Clarksville Borough Voting Precinct,Dem Representative In Congress 14th Congressional Distri,Democrat,Alan Bradstock,11
Greene,Clarksville Borough Voting Precinct,Rep Representative In Congress 14th Congressional Distri,Republican,Guy Reschenthaler,11
Greene,Clarksville Borough Voting Precinct,Dem Senator In The General Assembly 46th Senatorial Dist,Democrat,Evan Snyder,11
Greene,Clarksville Borough Voting Precinct,Rep Senator In The General Assembly 46th Senatorial Dist,Republican,Al Buchtan,4
Greene,Clarksville Borough Voting Precinct,Rep Senator In The General Assembly 46th Senatorial Dist,Republican,Camera Bartolotta,6
Greene,Clarksville Borough Voting Precinct,Dem Representative In The General Assembly 50th Legislat,Democrat,Lois Bower-bjornson,10
Greene,Clarksville Borough Voting Precinct,Rep Representative In The General Assembly 50th Legislat,Republican,Bud Cook,9
Greene,Clarksville Borough Voting Precinct,Rep Representative In The General Assembly 50th Legislat,Republican,Ben Humble,2
Greene,Clarksville Borough Voting Precinct,Dem Member Of Democratic State Committee,Democrat,Dave Coder,13
Greene,Clarksville Borough Voting Precinct,Rep Member Of Republican State Committee,Republican,Elizabeth Betsy Rohanna Mcclure,10
Greene,Aleppo Township Voting Precinct,Dem Governor,Democrat,Josh Shapiro,23
Greene,Aleppo Township Voting Precinct,Rep Governor,Republican,Stacy Garrity,47
Greene,Aleppo Township Voting Precinct,Dem Lieutenant Governor,Democrat,Austin Davis,22
Greene,Aleppo Township Voting Precinct,Rep Lieutenant Governor,Republican,John Ventre,21
Greene,Aleppo Township Voting Precinct,Rep Lieutenant Governor,Republican,Jason Richey,24
Greene,Aleppo Township Voting Precinct,Dem Representative In Congress 14th Congressional Distri,Democrat,Alan Bradstock,21
Greene,Aleppo Township Voting Precinct,Rep Representative In Congress 14th Congressional Distri,Republican,Guy Reschenthaler,46
Greene,Aleppo Township Voting Precinct,Dem Senator In The General Assembly 46th Senatorial Dist,Democrat,Evan Snyder,20
Greene,Aleppo Township Voting Precinct,Rep Senator In The General Assembly 46th Senatorial Dist,Republican,Al Buchtan,30
Greene,Aleppo Township Voting Precinct,Rep Senator In The General Assembly 46th Senatorial Dist,Republican,Camera Bartolotta,23
Greene,Aleppo Township Voting Precinct,Dem Representative In The General Assembly 50th Legislat,Democrat,Lois Bower-bjornson,19
Greene,Aleppo Township Voting Precinct,Rep Representative In The General Assembly 50th Legislat,Republican,Bud Cook,26
Greene,Aleppo Township Voting Precinct,Rep Representative In The General Assembly 50th Legislat,Republican,Ben Humble,28
Greene,Aleppo Township Voting Precinct,Dem Member Of Democratic State Committee,Democrat,Dave Coder,27
Greene,Aleppo Township Voting Precinct,Rep Member Of Republican State Committee,Republican,Elizabeth Betsy Rohanna Mcclure,48
Greene,Center Township Voting Precinct,Dem Governor,Democrat,Josh Shapiro,70
Greene,Center Township Voting Precinct,Rep Governor,Republican,Stacy Garrity,118
Greene,Center Township Voting Precinct,Dem Lieutenant Governor,Democrat,Austin Davis,68
Greene,Center Township Voting Precinct,Rep Lieutenant Governor,Republican,John Ventre,59
Greene,Center Township Voting Precinct,Rep Lieutenant Governor,Republican,Jason Richey,58
Greene,Center Township Voting Precinct,Dem Representative In Congress 14th Congressional Distri,Democrat,Alan Bradstock,65
Greene,Center Township Voting Precinct,Rep Representative In Congress 14th Congressional Distri,Republican,Guy Reschenthaler,120
Greene,Center Township Voting Precinct,Dem Senator In The General Assembly 46th Senatorial Dist,Democrat,Evan Snyder,68
Greene,Center Township Voting Precinct,Rep Senator In The General Assembly 46th Senatorial Dist,Republican,Al Buchtan,56
Greene,Center Township Voting Precinct,Rep Senator In The General Assembly 46th Senatorial Dist,Republican,Camera Bartolotta,73
Greene,Center Township Voting Precinct,Dem Representative In The General Assembly 50th Legislat,Democrat,Lois Bower-bjornson,62
Greene,Center Township Voting Precinct,Rep Representative In The General Assembly 50th Legislat,Republican,Bud Cook,48
Greene,Center Township Voting Precinct,Rep Representative In The General Assembly 50th Legislat,Republican,Ben Humble,91
Greene,Center Township Voting Precinct,Dem Member Of Democratic State Committee,Democrat,Dave Coder,67
Greene,Center Township Voting Precinct,Rep Member Of Republican State Committee,Republican,Elizabeth Betsy Rohanna Mcclure,114
Greene,Center Township Voting Precinct,Rep Member Of Republican County Committee Center Twp (Vote for 2),Republican,Gene Rush,138
Greene,Center Township Voting Precinct,Rep Member Of Republican County Committee Center Twp (Vote for 2),Republican,Stephen Love,17
Greene,Center Township Voting Precinct,Rep Member Of Republican County Committee Center Twp (Vote for 2),Republican,Becci L. Watson,85
Greene,Freeport Township Voting Precinct,Dem Governor,Democrat,Josh Shapiro,7
Greene,Freeport Township Voting Precinct,Rep Governor,Republican,Stacy Garrity,19
Greene,Freeport Township Voting Precinct,Dem Lieutenant Governor,Democrat,Austin Davis,7
Greene,Freeport Township Voting Precinct,Rep Lieutenant Governor,Republican,John Ventre,10
Greene,Freeport Township Voting Precinct,Rep Lieutenant Governor,Republican,Jason Richey,8
Greene,Freeport Township Voting Precinct,Dem Representative In Congress 14th Congressional Distri,Democrat,Alan Bradstock,6
Greene,Freeport Township Voting Precinct,Rep Representative In Congress 14th Congressional Distri,Republican,Guy Reschenthaler,20
Greene,Freeport Township Voting Precinct,Dem Senator In The General Assembly 46th Senatorial Dist,Democrat,Evan Snyder,6
Greene,Freeport Township Voting Precinct,Rep Senator In The General Assembly 46th Senatorial Dist,Republican,Al Buchtan,14
Greene,Freeport Township Voting Precinct,Rep Senator In The General Assembly 46th Senatorial Dist,Republican,Camera Bartolotta,11
Greene,Freeport Township Voting Precinct,Dem Representative In The General Assembly 50th Legislat,Democrat,Lois Bower-bjornson,6
Greene,Freeport Township Voting Precinct,Rep Representative In The General Assembly 50th Legislat,Republican,Bud Cook,16
Greene,Freeport Township Voting Precinct,Rep Representative In The General Assembly 50th Legislat,Republican,Ben Humble,11
Greene,Freeport Township Voting Precinct,Dem Member Of Democratic State Committee,Democrat,Dave Coder,4
Greene,Freeport Township Voting Precinct,Rep Member Of Republican State Committee,Republican,Elizabeth Betsy Rohanna Mcclure,20
Greene,Gilmore Township Voting Precinct,Dem Governor,Democrat,Josh Shapiro,22
Greene,Gilmore Township Voting Precinct,Rep Governor,Republican,Stacy Garrity,26
Greene,Gilmore Township Voting Precinct,Dem Lieutenant Governor,Democrat,Austin Davis,16
Greene,Gilmore Township Voting Precinct,Rep Lieutenant Governor,Republican,John Ventre,13
Greene,Gilmore Township Voting Precinct,Rep Lieutenant Governor,Republican,Jason Richey,13
Greene,Gilmore Township Voting Precinct,Dem Representative In Congress 14th Congressional Distri,Democrat,Alan Bradstock,18
Greene,Gilmore Township Voting Precinct,Rep Representative In Congress 14th Congressional Distri,Republican,Guy Reschenthaler,28
Greene,Gilmore Township Voting Precinct,Dem Senator In The General Assembly 46th Senatorial Dist,Democrat,Evan Snyder,18
Greene,Gilmore Township Voting Precinct,Rep Senator In The General Assembly 46th Senatorial Dist,Republican,Al Buchtan,16
Greene,Gilmore Township Voting Precinct,Rep Senator In The General Assembly 46th Senatorial Dist,Republican,Camera Bartolotta,13
Greene,Gilmore Township Voting Precinct,Dem Representative In The General Assembly 50th Legislat,Democrat,Lois Bower-bjornson,15
Greene,Gilmore Township Voting Precinct,Rep Representative In The General Assembly 50th Legislat,Republican,Bud Cook,11
Greene,Gilmore Township Voting Precinct,Rep Representative In The General Assembly 50th Legislat,Republican,Ben Humble,21
Greene,Gilmore Township Voting Precinct,Dem Member Of Democratic State Committee,Democrat,Dave Coder,22
Greene,Gilmore Township Voting Precinct,Rep Member Of Republican State Committee,Republican,Elizabeth Betsy Rohanna Mcclure,26
Greene,Gilmore Township Voting Precinct,Rep Member Of Republican County Committee Gilmore Twp (Vote for 2),Republican,Deborah K. Metheny,29
Greene,Gray Township Voting Precinct,Dem Governor,Democrat,Josh Shapiro,9
Greene,Gray Township Voting Precinct,Rep Governor,Republican,Stacy Garrity,15
Greene,Gray Township Voting Precinct,Dem Lieutenant Governor,Democrat,Austin Davis,9
Greene,Gray Township Voting Precinct,Rep Lieutenant Governor,Republican,John Ventre,5
Greene,Gray Township Voting Precinct,Rep Lieutenant Governor,Republican,Jason Richey,10
Greene,Gray Township Voting Precinct,Dem Representative In Congress 14th Congressional Distri,Democrat,Alan Bradstock,9
Greene,Gray Township Voting Precinct,Rep Representative In Congress 14th Congressional Distri,Republican,Guy Reschenthaler,18
Greene,Gray Township Voting Precinct,Dem Senator In The General Assembly 46th Senatorial Dist,Democrat,Evan Snyder,8
Greene,Gray Township Voting Precinct,Rep Senator In The General Assembly 46th Senatorial Dist,Republican,Al Buchtan,7
Greene,Gray Township Voting Precinct,Rep Senator In The General Assembly 46th Senatorial Dist,Republican,Camera Bartolotta,10
Greene,Gray Township Voting Precinct,Dem Representative In The General Assembly 50th Legislat,Democrat,Lois Bower-bjornson,8
Greene,Gray Township Voting Precinct,Rep Representative In The General Assembly 50th Legislat,Republican,Bud Cook,2
Greene,Gray Township Voting Precinct,Rep Representative In The General Assembly 50th Legislat,Republican,Ben Humble,17
Greene,Gray Township Voting Precinct,Dem Member Of Democratic State Committee,Democrat,Dave Coder,12
Greene,Gray Township Voting Precinct,Rep Member Of Republican State Committee,Republican,Elizabeth Betsy Rohanna Mcclure,17
Greene,Greene Township Voting Precinct,Dem Governor,Democrat,Josh Shapiro,33
Greene,Greene Township Voting Precinct,Rep Governor,Republican,Stacy Garrity,45
Greene,Greene Township Voting Precinct,Dem Lieutenant Governor,Democrat,Austin Davis,26
Greene,Greene Township Voting Precinct,Rep Lieutenant Governor,Republican,John Ventre,25
Greene,Greene Township Voting Precinct,Rep Lieutenant Governor,Republican,Jason Richey,20
Greene,Greene Township Voting Precinct,Dem Representative In Congress 14th Congressional Distri,Democrat,Alan Bradstock,28
Greene,Greene Township Voting Precinct,Rep Representative In Congress 14th Congressional Distri,Republican,Guy Reschenthaler,47
Greene,Greene Township Voting Precinct,Dem Senator In The General Assembly 46th Senatorial Dist,Democrat,Evan Snyder,25
Greene,Greene Township Voting Precinct,Rep Senator In The General Assembly 46th Senatorial Dist,Republican,Al Buchtan,30
Greene,Greene Township Voting Precinct,Rep Senator In The General Assembly 46th Senatorial Dist,Republican,Camera Bartolotta,21
Greene,Greene Township Voting Precinct,Dem Representative In The General Assembly 50th Legislat,Democrat,Lois Bower-bjornson,26
Greene,Greene Township Voting Precinct,Rep Representative In The General Assembly 50th Legislat,Republican,Bud Cook,23
Greene,Greene Township Voting Precinct,Rep Representative In The General Assembly 50th Legislat,Republican,Ben Humble,30
Greene,Greene Township Voting Precinct,Dem Member Of Democratic State Committee,Democrat,Dave Coder,28
Greene,Greene Township Voting Precinct,Rep Member Of Republican State Committee,Republican,Elizabeth Betsy Rohanna Mcclure,46
Greene,Greene Township Voting Precinct,Rep Member Of Republican County Committee Greene Twp (Vote for 2),Republican,Faye Vandevender,49
Greene,Jackson Township Voting Precinct,Dem Governor,Democrat,Josh Shapiro,16
Greene,Jackson Township Voting Precinct,Rep Governor,Republican,Stacy Garrity,51
Greene,Jackson Township Voting Precinct,Dem Lieutenant Governor,Democrat,Austin Davis,16
Greene,Jackson Township Voting Precinct,Rep Lieutenant Governor,Republican,John Ventre,28
Greene,Jackson Township Voting Precinct,Rep Lieutenant Governor,Republican,Jason Richey,21
Greene,Jackson Township Voting Precinct,Dem Representative In Congress 14th Congressional Distri,Democrat,Alan Bradstock,16
Greene,Jackson Township Voting Precinct,Rep Representative In Congress 14th Congressional Distri,Republican,Guy Reschenthaler,54
Greene,Jackson Township Voting Precinct,Dem Senator In The General Assembly 46th Senatorial Dist,Democrat,Evan Snyder,15
Greene,Jackson Township Voting Precinct,Rep Senator In The General Assembly 46th Senatorial Dist,Republican,Al Buchtan,22
Greene,Jackson Township Voting Precinct,Rep Senator In The General Assembly 46th Senatorial Dist,Republican,Camera Bartolotta,35
Greene,Jackson Township Voting Precinct,Dem Representative In The General Assembly 50th Legislat,Democrat,Lois Bower-bjornson,15
Greene,Jackson Township Voting Precinct,Rep Representative In The General Assembly 50th Legislat,Republican,Bud Cook,35
Greene,Jackson Township Voting Precinct,Rep Representative In The General Assembly 50th Legislat,Republican,Ben Humble,26
Greene,Jackson Township Voting Precinct,Dem Member Of Democratic State Committee,Democrat,Dave Coder,16
Greene,Jackson Township Voting Precinct,Rep Member Of Republican State Committee,Republican,Elizabeth Betsy Rohanna Mcclure,52
Greene,Morris Township Voting Precinct,Dem Governor,Democrat,Josh Shapiro,43
Greene,Morris Township Voting Precinct,Rep Governor,Republican,Stacy Garrity,84
Greene,Morris Township Voting Precinct,Dem Lieutenant Governor,Democrat,Austin Davis,39
Greene,Morris Township Voting Precinct,Rep Lieutenant Governor,Republican,John Ventre,42
Greene,Morris Township Voting Precinct,Rep Lieutenant Governor,Republican,Jason Richey,41
Greene,Morris Township Voting Precinct,Dem Representative In Congress 14th Congressional Distri,Democrat,Alan Bradstock,33
Greene,Morris Township Voting Precinct,Rep Representative In Congress 14th Congressional Distri,Republican,Guy Reschenthaler,85
Greene,Morris Township Voting Precinct,Dem Senator In The General Assembly 46th Senatorial Dist,Democrat,Evan Snyder,33
Greene,Morris Township Voting Precinct,Rep Senator In The General Assembly 46th Senatorial Dist,Republican,Al Buchtan,42
Greene,Morris Township Voting Precinct,Rep Senator In The General Assembly 46th Senatorial Dist,Republican,Camera Bartolotta,51
Greene,Morris Township Voting Precinct,Dem Representative In The General Assembly 50th Legislat,Democrat,Lois Bower-bjornson,33
Greene,Morris Township Voting Precinct,Rep Representative In The General Assembly 50th Legislat,Republican,Bud Cook,32
Greene,Morris Township Voting Precinct,Rep Representative In The General Assembly 50th Legislat,Republican,Ben Humble,61
Greene,Morris Township Voting Precinct,Dem Member Of Democratic State Committee,Democrat,Dave Coder,37
Greene,Morris Township Voting Precinct,Rep Member Of Republican State Committee,Republican,Elizabeth Betsy Rohanna Mcclure,82
Greene,Morris Township Voting Precinct,Rep Member Of Republican County Committee Morris Twp (Vote for 2),Republican,Lisa M. Murdock,58
Greene,Morris Township Voting Precinct,Rep Member Of Republican County Committee Morris Twp (Vote for 2),Republican,Greg Hopkins,90
Greene,Perry Township Voting Precinct,Dem Governor,Democrat,Josh Shapiro,105
Greene,Perry Township Voting Precinct,Rep Governor,Republican,Stacy Garrity,131
Greene,Perry Township Voting Precinct,Dem Lieutenant Governor,Democrat,Austin Davis,95
Greene,Perry Township Voting Precinct,Rep Lieutenant Governor,Republican,John Ventre,68
Greene,Perry Township Voting Precinct,Rep Lieutenant Governor,Republican,Jason Richey,61
Greene,Perry Township Voting Precinct,Dem Representative In Congress 14th Congressional Distri,Democrat,Alan Bradstock,89
Greene,Perry Township Voting Precinct,Rep Representative In Congress 14th Congressional Distri,Republican,Guy Reschenthaler,128
Greene,Perry Township Voting Precinct,Dem Senator In The General Assembly 46th Senatorial Dist,Democrat,Evan Snyder,84
Greene,Perry Township Voting Precinct,Rep Senator In The General Assembly 46th Senatorial Dist,Republican,Al Buchtan,70
Greene,Perry Township Voting Precinct,Rep Senator In The General Assembly 46th Senatorial Dist,Republican,Camera Bartolotta,81
Greene,Perry Township Voting Precinct,Dem Representative In The General Assembly 50th Legislat,Democrat,Lois Bower-bjornson,88
Greene,Perry Township Voting Precinct,Rep Representative In The General Assembly 50th Legislat,Republican,Bud Cook,57
Greene,Perry Township Voting Precinct,Rep Representative In The General Assembly 50th Legislat,Republican,Ben Humble,98
Greene,Perry Township Voting Precinct,Dem Member Of Democratic State Committee,Democrat,Dave Coder,95
Greene,Perry Township Voting Precinct,Dem Member Of County Democratic Committee Perry Twp (Vote for 2),Democrat,Sandy Osecky,82
Greene,Perry Township Voting Precinct,Dem Member Of County Democratic Committee Perry Twp (Vote for 2),Democrat,Edward Lee Petsonk,82
Greene,Perry Township Voting Precinct,Rep Member Of Republican State Committee,Republican,Elizabeth Betsy Rohanna Mcclure,136
Greene,Perry Township Voting Precinct,Rep Member Of Republican County Committee Perry Township (Vote for 2),Republican,Kris Osecky,84
Greene,Perry Township Voting Precinct,Rep Member Of Republican County Committee Perry Township (Vote for 2),Republican,Tammy Brookover,49
Greene,Perry Township Voting Precinct,Rep Member Of Republican County Committee Perry Township (Vote for 2),Republican,Bridget M. Patton,110
Greene,Perry Township Voting Precinct,Rep Member Of Republican County Committee Perry Township (Vote for 2),Republican,Tom Brookover,42
Greene,Richhill Township Voting Precinct,Dem Governor,Democrat,Josh Shapiro,44
Greene,Richhill Township Voting Precinct,Rep Governor,Republican,Stacy Garrity,73
Greene,Richhill Township Voting Precinct,Dem Lieutenant Governor,Democrat,Austin Davis,42
Greene,Richhill Township Voting Precinct,Rep Lieutenant Governor,Republican,John Ventre,45
Greene,Richhill Township Voting Precinct,Rep Lieutenant Governor,Republican,Jason Richey,28
Greene,Richhill Township Voting Precinct,Dem Representative In Congress 14th Congressional Distri,Democrat,Alan Bradstock,39
Greene,Richhill Township Voting Precinct,Rep Representative In Congress 14th Congressional Distri,Republican,Guy Reschenthaler,81
Greene,Richhill Township Voting Precinct,Dem Senator In The General Assembly 46th Senatorial Dist,Democrat,Evan Snyder,39
Greene,Richhill Township Voting Precinct,Rep Senator In The General Assembly 46th Senatorial Dist,Republican,Al Buchtan,50
Greene,Richhill Township Voting Precinct,Rep Senator In The General Assembly 46th Senatorial Dist,Republican,Camera Bartolotta,38
Greene,Richhill Township Voting Precinct,Dem Representative In The General Assembly 50th Legislat,Democrat,Lois Bower-bjornson,37
Greene,Richhill Township Voting Precinct,Rep Representative In The General Assembly 50th Legislat,Republican,Bud Cook,31
Greene,Richhill Township Voting Precinct,Rep Representative In The General Assembly 50th Legislat,Republican,Ben Humble,59
Greene,Richhill Township Voting Precinct,Dem Member Of Democratic State Committee,Democrat,Dave Coder,40
Greene,Richhill Township Voting Precinct,Rep Member Of Republican State Committee,Republican,Elizabeth Betsy Rohanna Mcclure,81
Greene,Richhill Township Voting Precinct,Rep Member Of Republican County Committee Richhill Twp (Vote for 2),Republican,Lawrence Headley,74
Greene,Richhill Township Voting Precinct,Rep Member Of Republican County Committee Richhill Twp (Vote for 2),Republican,Loletta Scogin,54
Greene,Springhill Township Voting Precinct,Dem Governor,Democrat,Josh Shapiro,19
Greene,Springhill Township Voting Precinct,Rep Governor,Republican,Stacy Garrity,21
Greene,Springhill Township Voting Precinct,Dem Lieutenant Governor,Democrat,Austin Davis,15
Greene,Springhill Township Voting Precinct,Rep Lieutenant Governor,Republican,John Ventre,12
Greene,Springhill Township Voting Precinct,Rep Lieutenant Governor,Republican,Jason Richey,10
Greene,Springhill Township Voting Precinct,Dem Representative In Congress 14th Congressional Distri,Democrat,Alan Bradstock,13
Greene,Springhill Township Voting Precinct,Rep Representative In Congress 14th Congressional Distri,Republican,Guy Reschenthaler,25
Greene,Springhill Township Voting Precinct,Dem Senator In The General Assembly 46th Senatorial Dist,Democrat,Evan Snyder,14
Greene,Springhill Township Voting Precinct,Rep Senator In The General Assembly 46th Senatorial Dist,Republican,Al Buchtan,17
Greene,Springhill Township Voting Precinct,Rep Senator In The General Assembly 46th Senatorial Dist,Republican,Camera Bartolotta,15
Greene,Springhill Township Voting Precinct,Dem Representative In The General Assembly 50th Legislat,Democrat,Lois Bower-bjornson,14
Greene,Springhill Township Voting Precinct,Rep Representative In The General Assembly 50th Legislat,Republican,Bud Cook,18
Greene,Springhill Township Voting Precinct,Rep Representative In The General Assembly 50th Legislat,Republican,Ben Humble,16
Greene,Springhill Township Voting Precinct,Dem Member Of Democratic State Committee,Democrat,Dave Coder,19
Greene,Springhill Township Voting Precinct,Rep Member Of Republican State Committee,Republican,Elizabeth Betsy Rohanna Mcclure,24
Greene,Washington Township Voting Precinct,Dem Governor,Democrat,Josh Shapiro,76
Greene,Washington Township Voting Precinct,Rep Governor,Republican,Stacy Garrity,129
Greene,Washington Township Voting Precinct,Dem Lieutenant Governor,Democrat,Austin Davis,74
Greene,Washington Township Voting Precinct,Rep Lieutenant Governor,Republican,John Ventre,64
Greene,Washington Township Voting Precinct,Rep Lieutenant Governor,Republican,Jason Richey,63
Greene,Washington Township Voting Precinct,Dem Representative In Congress 14th Congressional Distri,Democrat,Alan Bradstock,75
Greene,Washington Township Voting Precinct,Rep Representative In Congress 14th Congressional Distri,Republican,Guy Reschenthaler,131
Greene,Washington Township Voting Precinct,Dem Senator In The General Assembly 46th Senatorial Dist,Democrat,Evan Snyder,75
Greene,Washington Township Voting Precinct,Rep Senator In The General Assembly 46th Senatorial Dist,Republican,Al Buchtan,89
Greene,Washington Township Voting Precinct,Rep Senator In The General Assembly 46th Senatorial Dist,Republican,Camera Bartolotta,64
Greene,Washington Township Voting Precinct,Dem Representative In The General Assembly 50th Legislat,Democrat,Lois Bower-bjornson,71
Greene,Washington Township Voting Precinct,Rep Representative In The General Assembly 50th Legislat,Republican,Bud Cook,54
Greene,Washington Township Voting Precinct,Rep Representative In The General Assembly 50th Legislat,Republican,Ben Humble,96
Greene,Washington Township Voting Precinct,Dem Member Of Democratic State Committee,Democrat,Dave Coder,73
Greene,Washington Township Voting Precinct,Rep Member Of Republican State Committee,Republican,Elizabeth Betsy Rohanna Mcclure,106
Greene,Washington Township Voting Precinct,Rep Member Of Republican County Committee Washington Twp (Vote for 2),Republican,Deborah A. Harris,39
Greene,Washington Township Voting Precinct,Rep Member Of Republican County Committee Washington Twp (Vote for 2),Republican,Robert (rick) Morris,68
Greene,Washington Township Voting Precinct,Rep Member Of Republican County Committee Washington Twp (Vote for 2),Republican,Thomas Ayres,77
Greene,Whiteley Township Voting Precinct,Dem Governor,Democrat,Josh Shapiro,39
Greene,Whiteley Township Voting Precinct,Rep Governor,Republican,Stacy Garrity,70
Greene,Whiteley Township Voting Precinct,Dem Lieutenant Governor,Democrat,Austin Davis,36
Greene,Whiteley Township Voting Precinct,Rep Lieutenant Governor,Republican,John Ventre,36
Greene,Whiteley Township Voting Precinct,Rep Lieutenant Governor,Republican,Jason Richey,35
Greene,Whiteley Township Voting Precinct,Dem Representative In Congress 14th Congressional Distri,Democrat,Alan Bradstock,37
Greene,Whiteley Township Voting Precinct,Rep Representative In Congress 14th Congressional Distri,Republican,Guy Reschenthaler,77
Greene,Whiteley Township Voting Precinct,Dem Senator In The General Assembly 46th Senatorial Dist,Democrat,Evan Snyder,38
Greene,Whiteley Township Voting Precinct,Rep Senator In The General Assembly 46th Senatorial Dist,Republican,Al Buchtan,56
Greene,Whiteley Township Voting Precinct,Rep Senator In The General Assembly 46th Senatorial Dist,Republican,Camera Bartolotta,35
Greene,Whiteley Township Voting Precinct,Dem Representative In The General Assembly 50th Legislat,Democrat,Lois Bower-bjornson,38
Greene,Whiteley Township Voting Precinct,Rep Representative In The General Assembly 50th Legislat,Republican,Bud Cook,33
Greene,Whiteley Township Voting Precinct,Rep Representative In The General Assembly 50th Legislat,Republican,Ben Humble,60
Greene,Whiteley Township Voting Precinct,Dem Member Of Democratic State Committee,Democrat,Dave Coder,37
Greene,Whiteley Township Voting Precinct,Dem Member Of County Democratic Committee Whiteley Twp (Vote for 2),Democrat,Karl Hursey,34
Greene,Whiteley Township Voting Precinct,Dem Member Of County Democratic Committee Whiteley Twp (Vote for 2),Democrat,Melodee Hursey,39
Greene,Whiteley Township Voting Precinct,Rep Member Of Republican State Committee,Republican,Elizabeth Betsy Rohanna Mcclure,68
Greene,Whiteley Township Voting Precinct,Rep Member Of Republican County Committee Whiteley Twp (Vote for 2),Republican,Judy L. Snyder,69
Greene,Whiteley Township Voting Precinct,Rep Member Of Republican County Committee Whiteley Twp (Vote for 2),Republican,Bryan K. Snyder,68
Greene,Cumberland Township Nemacolin Voting Precinct,Dem Governor,Democrat,Josh Shapiro,29
Greene,Cumberland Township Nemacolin Voting Precinct,Rep Governor,Republican,Stacy Garrity,47
Greene,Cumberland Township Nemacolin Voting Precinct,Dem Lieutenant Governor,Democrat,Austin Davis,28
Greene,Cumberland Township Nemacolin Voting Precinct,Rep Lieutenant Governor,Republican,John Ventre,26
Greene,Cumberland Township Nemacolin Voting Precinct,Rep Lieutenant Governor,Republican,Jason Richey,21
Greene,Cumberland Township Nemacolin Voting Precinct,Dem Representative In Congress 14th Congressional Distri,Democrat,Alan Bradstock,28
Greene,Cumberland Township Nemacolin Voting Precinct,Rep Representative In Congress 14th Congressional Distri,Republican,Guy Reschenthaler,49
Greene,Cumberland Township Nemacolin Voting Precinct,Dem Senator In The General Assembly 46th Senatorial Dist,Democrat,Evan Snyder,31
Greene,Cumberland Township Nemacolin Voting Precinct,Rep Senator In The General Assembly 46th Senatorial Dist,Republican,Al Buchtan,38
Greene,Cumberland Township Nemacolin Voting Precinct,Rep Senator In The General Assembly 46th Senatorial Dist,Republican,Camera Bartolotta,13
Greene,Cumberland Township Nemacolin Voting Precinct,Dem Representative In The General Assembly 50th Legislat,Democrat,Lois Bower-bjornson,31
Greene,Cumberland Township Nemacolin Voting Precinct,Rep Representative In The General Assembly 50th Legislat,Republican,Bud Cook,24
Greene,Cumberland Township Nemacolin Voting Precinct,Rep Representative In The General Assembly 50th Legislat,Republican,Ben Humble,27
Greene,Cumberland Township Nemacolin Voting Precinct,Dem Member Of Democratic State Committee,Democrat,Dave Coder,35
Greene,Cumberland Township Nemacolin Voting Precinct,Rep Member Of Republican State Committee,Republican,Elizabeth Betsy Rohanna Mcclure,44
Greene,Franklin Township East Voting Precinct,Dem Governor,Democrat,Josh Shapiro,216
Greene,Franklin Township East Voting Precinct,Rep Governor,Republican,Stacy Garrity,304
Greene,Franklin Township East Voting Precinct,Dem Lieutenant Governor,Democrat,Austin Davis,212
Greene,Franklin Township East Voting Precinct,Rep Lieutenant Governor,Republican,John Ventre,147
Greene,Franklin Township East Voting Precinct,Rep Lieutenant Governor,Republican,Jason Richey,138
Greene,Franklin Township East Voting Precinct,Dem Representative In Congress 14th Congressional Distri,Democrat,Alan Bradstock,196
Greene,Franklin Township East Voting Precinct,Rep Representative In Congress 14th Congressional Distri,Republican,Guy Reschenthaler,308
Greene,Franklin Township East Voting Precinct,Dem Senator In The General Assembly 46th Senatorial Dist,Democrat,Evan Snyder,196
Greene,Franklin Township East Voting Precinct,Rep Senator In The General Assembly 46th Senatorial Dist,Republican,Al Buchtan,148
Greene,Franklin Township East Voting Precinct,Rep Senator In The General Assembly 46th Senatorial Dist,Republican,Camera Bartolotta,177
Greene,Franklin Township East Voting Precinct,Dem Representative In The General Assembly 50th Legislat,Democrat,Lois Bower-bjornson,186
Greene,Franklin Township East Voting Precinct,Rep Representative In The General Assembly 50th Legislat,Republican,Bud Cook,95
Greene,Franklin Township East Voting Precinct,Rep Representative In The General Assembly 50th Legislat,Republican,Ben Humble,243
Greene,Franklin Township East Voting Precinct,Dem Member Of Democratic State Committee,Democrat,Dave Coder,202
Greene,Franklin Township East Voting Precinct,Rep Member Of Republican State Committee,Republican,Elizabeth Betsy Rohanna Mcclure,298
Greene,Franklin Township East Voting Precinct,Rep Member Of Republican County Committee Franklin East (Vote for 2),Republican,Eric John Rohanna,287
Greene,Franklin Township East Voting Precinct,Rep Member Of Republican County Committee Franklin East (Vote for 2),Republican,Jodi L. Rohanna,280
Greene,Franklin Township West Voting Precinct,Dem Governor,Democrat,Josh Shapiro,31
Greene,Franklin Township West Voting Precinct,Rep Governor,Republican,Stacy Garrity,77
Greene,Franklin Township West Voting Precinct,Dem Lieutenant Governor,Democrat,Austin Davis,30
Greene,Franklin Township West Voting Precinct,Rep Lieutenant Governor,Republican,John Ventre,44
Greene,Franklin Township West Voting Precinct,Rep Lieutenant Governor,Republican,Jason Richey,25
Greene,Franklin Township West Voting Precinct,Dem Representative In Congress 14th Congressional Distri,Democrat,Alan Bradstock,28
Greene,Franklin Township West Voting Precinct,Rep Representative In Congress 14th Congressional Distri,Republican,Guy Reschenthaler,80
Greene,Franklin Township West Voting Precinct,Dem Senator In The General Assembly 46th Senatorial Dist,Democrat,Evan Snyder,30
Greene,Franklin Township West Voting Precinct,Rep Senator In The General Assembly 46th Senatorial Dist,Republican,Al Buchtan,33
Greene,Franklin Township West Voting Precinct,Rep Senator In The General Assembly 46th Senatorial Dist,Republican,Camera Bartolotta,54
Greene,Franklin Township West Voting Precinct,Dem Representative In The General Assembly 50th Legislat,Democrat,Lois Bower-bjornson,29
Greene,Franklin Township West Voting Precinct,Rep Representative In The General Assembly 50th Legislat,Republican,Bud Cook,35
Greene,Franklin Township West Voting Precinct,Rep Representative In The General Assembly 50th Legislat,Republican,Ben Humble,53
Greene,Franklin Township West Voting Precinct,Dem Member Of Democratic State Committee,Democrat,Dave Coder,30
Greene,Franklin Township West Voting Precinct,Rep Member Of Republican State Committee,Republican,Elizabeth Betsy Rohanna Mcclure,74
Greene,Franklin Township North Voting Precinct,Dem Governor,Democrat,Josh Shapiro,91
Greene,Franklin Township North Voting Precinct,Rep Governor,Republican,Stacy Garrity,131
Greene,Franklin Township North Voting Precinct,Dem Lieutenant Governor,Democrat,Austin Davis,83
Greene,Franklin Township North Voting Precinct,Rep Lieutenant Governor,Republican,John Ventre,74
Greene,Franklin Township North Voting Precinct,Rep Lieutenant Governor,Republican,Jason Richey,62
Greene,Franklin Township North Voting Precinct,Dem Representative In Congress 14th Congressional Distri,Democrat,Alan Bradstock,84
Greene,Franklin Township North Voting Precinct,Rep Representative In Congress 14th Congressional Distri,Republican,Guy Reschenthaler,136
Greene,Franklin Township North Voting Precinct,Dem Senator In The General Assembly 46th Senatorial Dist,Democrat,Evan Snyder,76
Greene,Franklin Township North Voting Precinct,Rep Senator In The General Assembly 46th Senatorial Dist,Republican,Al Buchtan,74
Greene,Franklin Township North Voting Precinct,Rep Senator In The General Assembly 46th Senatorial Dist,Republican,Camera Bartolotta,75
Greene,Franklin Township North Voting Precinct,Dem Representative In The General Assembly 50th Legislat,Democrat,Lois Bower-bjornson,76
Greene,Franklin Township North Voting Precinct,Rep Representative In The General Assembly 50th Legislat,Republican,Bud Cook,44
Greene,Franklin Township North Voting Precinct,Rep Representative In The General Assembly 50th Legislat,Republican,Ben Humble,113
Greene,Franklin Township North Voting Precinct,Dem Member Of Democratic State Committee,Democrat,Dave Coder,77
Greene,Franklin Township North Voting Precinct,Dem Member Of County Democratic Committee Franklin North (Vote for 2),Democrat,Jason K. Hursey,82
Greene,Franklin Township North Voting Precinct,Rep Member Of Republican State Committee,Republican,Elizabeth Betsy Rohanna Mcclure,126
Greene,Franklin Township South Voting Precinct,Dem Governor,Democrat,Josh Shapiro,51
Greene,Franklin Township South Voting Precinct,Rep Governor,Republican,Stacy Garrity,68
Greene,Franklin Township South Voting Precinct,Dem Lieutenant Governor,Democrat,Austin Davis,49
Greene,Franklin Township South Voting Precinct,Rep Lieutenant Governor,Republican,John Ventre,23
Greene,Franklin Township South Voting Precinct,Rep Lieutenant Governor,Republican,Jason Richey,44
Greene,Franklin Township South Voting Precinct,Dem Representative In Congress 14th Congressional Distri,Democrat,Alan Bradstock,48
Greene,Franklin Township South Voting Precinct,Rep Representative In Congress 14th Congressional Distri,Republican,Guy Reschenthaler,72
Greene,Franklin Township South Voting Precinct,Dem Senator In The General Assembly 46th Senatorial Dist,Democrat,Evan Snyder,45
Greene,Franklin Township South Voting Precinct,Rep Senator In The General Assembly 46th Senatorial Dist,Republican,Al Buchtan,31
Greene,Franklin Township South Voting Precinct,Rep Senator In The General Assembly 46th Senatorial Dist,Republican,Camera Bartolotta,49
Greene,Franklin Township South Voting Precinct,Dem Representative In The General Assembly 50th Legislat,Democrat,Lois Bower-bjornson,44
Greene,Franklin Township South Voting Precinct,Rep Representative In The General Assembly 50th Legislat,Republican,Bud Cook,25
Greene,Franklin Township South Voting Precinct,Rep Representative In The General Assembly 50th Legislat,Republican,Ben Humble,57
Greene,Franklin Township South Voting Precinct,Dem Member Of Democratic State Committee,Democrat,Dave Coder,46
Greene,Franklin Township South Voting Precinct,Rep Member Of Republican State Committee,Republican,Elizabeth Betsy Rohanna Mcclure,69
Greene,Franklin Township South Voting Precinct,Rep Member Of Republican County Committee Franklin South (Vote for 2),Republican,Keith Mcclure,65
Greene,Franklin Township South Voting Precinct,Rep Member Of Republican County Committee Franklin South (Vote for 2),Republican,Carol S. Stewart,56
Greene,Wayne Township East Voting Precinct,Dem Governor,Democrat,Josh Shapiro,29
Greene,Wayne Township East Voting Precinct,Rep Governor,Republican,Stacy Garrity,65
Greene,Wayne Township East Voting Precinct,Dem Lieutenant Governor,Democrat,Austin Davis,28
Greene,Wayne Township East Voting Precinct,Rep Lieutenant Governor,Republican,John Ventre,31
Greene,Wayne Township East Voting Precinct,Rep Lieutenant Governor,Republican,Jason Richey,30
Greene,Wayne Township East Voting Precinct,Dem Representative In Congress 14th Congressional Distri,Democrat,Alan Bradstock,29
Greene,Wayne Township East Voting Precinct,Rep Representative In Congress 14th Congressional Distri,Republican,Guy Reschenthaler,57
Greene,Wayne Township East Voting Precinct,Dem Senator In The General Assembly 46th Senatorial Dist,Democrat,Evan Snyder,26
Greene,Wayne Township East Voting Precinct,Rep Senator In The General Assembly 46th Senatorial Dist,Republican,Al Buchtan,41
Greene,Wayne Township East Voting Precinct,Rep Senator In The General Assembly 46th Senatorial Dist,Republican,Camera Bartolotta,25
Greene,Wayne Township East Voting Precinct,Dem Representative In The General Assembly 50th Legislat,Democrat,Lois Bower-bjornson,28
Greene,Wayne Township East Voting Precinct,Rep Representative In The General Assembly 50th Legislat,Republican,Bud Cook,26
Greene,Wayne Township East Voting Precinct,Rep Representative In The General Assembly 50th Legislat,Republican,Ben Humble,42
Greene,Wayne Township East Voting Precinct,Dem Member Of Democratic State Committee,Democrat,Dave Coder,33
Greene,Wayne Township East Voting Precinct,Rep Member Of Republican State Committee,Republican,Elizabeth Betsy Rohanna Mcclure,56
Greene,Wayne Township East Voting Precinct,Rep Member Of Republican County Committee Wayne East (Vote for 2),Republican,Renee Jones,66
Greene,Wayne Township West Voting Precinct,Dem Governor,Democrat,Josh Shapiro,20
Greene,Wayne Township West Voting Precinct,Rep Governor,Republican,Stacy Garrity,33
Greene,Wayne Township West Voting Precinct,Dem Lieutenant Governor,Democrat,Austin Davis,18
Greene,Wayne Township West Voting Precinct,Rep Lieutenant Governor,Republican,John Ventre,15
Greene,Wayne Township West Voting Precinct,Rep Lieutenant Governor,Republican,Jason Richey,18
Greene,Wayne Township West Voting Precinct,Dem Representative In Congress 14th Congressional Distri,Democrat,Alan Bradstock,19
Greene,Wayne Township West Voting Precinct,Rep Representative In Congress 14th Congressional Distri,Republican,Guy Reschenthaler,35
Greene,Wayne Township West Voting Precinct,Dem Senator In The General Assembly 46th Senatorial Dist,Democrat,Evan Snyder,19
Greene,Wayne Township West Voting Precinct,Rep Senator In The General Assembly 46th Senatorial Dist,Republican,Al Buchtan,23
Greene,Wayne Township West Voting Precinct,Rep Senator In The General Assembly 46th Senatorial Dist,Republican,Camera Bartolotta,18
Greene,Wayne Township West Voting Precinct,Dem Representative In The General Assembly 50th Legislat,Democrat,Lois Bower-bjornson,19
Greene,Wayne Township West Voting Precinct,Rep Representative In The General Assembly 50th Legislat,Republican,Bud Cook,16
Greene,Wayne Township West Voting Precinct,Rep Representative In The General Assembly 50th Legislat,Republican,Ben Humble,25
Greene,Wayne Township West Voting Precinct,Dem Member Of Democratic State Committee,Democrat,Dave Coder,20
Greene,Wayne Township West Voting Precinct,Rep Member Of Republican State Committee,Republican,Elizabeth Betsy Rohanna Mcclure,33
Greene,Wayne Township West Voting Precinct,Rep Member Of Republican County Committee Wayne West (Vote for 2),Republican,Jessie M. Leidecker,35
Greene,Wayne Township West Voting Precinct,Rep Member Of Republican County Committee Wayne West (Vote for 2),Republican,Shane Cole,34
Greene,Cumberland Township #1 Voting Precinct,Dem Governor,Democrat,Josh Shapiro,163
Greene,Cumberland Township #1 Voting Precinct,Rep Governor,Republican,Stacy Garrity,278
Greene,Cumberland Township #1 Voting Precinct,Dem Lieutenant Governor,Democrat,Austin Davis,155
Greene,Cumberland Township #1 Voting Precinct,Rep Lieutenant Governor,Republican,John Ventre,163
Greene,Cumberland Township #1 Voting Precinct,Rep Lieutenant Governor,Republican,Jason Richey,118
Greene,Cumberland Township #1 Voting Precinct,Dem Representative In Congress 14th Congressional Distri,Democrat,Alan Bradstock,154
Greene,Cumberland Township #1 Voting Precinct,Rep Representative In Congress 14th Congressional Distri,Republican,Guy Reschenthaler,290
Greene,Cumberland Township #1 Voting Precinct,Dem Senator In The General Assembly 46th Senatorial Dist,Democrat,Evan Snyder,139
Greene,Cumberland Township #1 Voting Precinct,Rep Senator In The General Assembly 46th Senatorial Dist,Republican,Al Buchtan,219
Greene,Cumberland Township #1 Voting Precinct,Rep Senator In The General Assembly 46th Senatorial Dist,Republican,Camera Bartolotta,100
Greene,Cumberland Township #1 Voting Precinct,Dem Representative In The General Assembly 50th Legislat,Democrat,Lois Bower-bjornson,139
Greene,Cumberland Township #1 Voting Precinct,Rep Representative In The General Assembly 50th Legislat,Republican,Bud Cook,109
Greene,Cumberland Township #1 Voting Precinct,Rep Representative In The General Assembly 50th Legislat,Republican,Ben Humble,213
Greene,Cumberland Township #1 Voting Precinct,Dem Member Of Democratic State Committee,Democrat,Dave Coder,167
Greene,Cumberland Township #1 Voting Precinct,Rep Member Of Republican State Committee,Republican,Elizabeth Betsy Rohanna Mcclure,259
Greene,Cumberland Township #1 Voting Precinct,Rep Member Of Republican County Committee Cumberland 1 (Vote for 2),Republican,Crystal D. Walters,224
Greene,Cumberland Township #1 Voting Precinct,Rep Member Of Republican County Committee Cumberland 1 (Vote for 2),Republican,Nicole Vandevender,131
Greene,Cumberland Township #2 Voting Precinct,Dem Governor,Democrat,Josh Shapiro,85
Greene,Cumberland Township #2 Voting Precinct,Rep Governor,Republican,Stacy Garrity,88
Greene,Cumberland Township #2 Voting Precinct,Dem Lieutenant Governor,Democrat,Austin Davis,85
Greene,Cumberland Township #2 Voting Precinct,Rep Lieutenant Governor,Republican,John Ventre,41
Greene,Cumberland Township #2 Voting Precinct,Rep Lieutenant Governor,Republican,Jason Richey,43
Greene,Cumberland Township #2 Voting Precinct,Dem Representative In Congress 14th Congressional Distri,Democrat,Alan Bradstock,81
Greene,Cumberland Township #2 Voting Precinct,Rep Representative In Congress 14th Congressional Distri,Republican,Guy Reschenthaler,88
Greene,Cumberland Township #2 Voting Precinct,Dem Senator In The General Assembly 46th Senatorial Dist,Democrat,Evan Snyder,80
Greene,Cumberland Township #2 Voting Precinct,Rep Senator In The General Assembly 46th Senatorial Dist,Republican,Al Buchtan,68
Greene,Cumberland Township #2 Voting Precinct,Rep Senator In The General Assembly 46th Senatorial Dist,Republican,Camera Bartolotta,29
Greene,Cumberland Township #2 Voting Precinct,Dem Representative In The General Assembly 50th Legislat,Democrat,Lois Bower-bjornson,79
Greene,Cumberland Township #2 Voting Precinct,Rep Representative In The General Assembly 50th Legislat,Republican,Bud Cook,36
Greene,Cumberland Township #2 Voting Precinct,Rep Representative In The General Assembly 50th Legislat,Republican,Ben Humble,62
Greene,Cumberland Township #2 Voting Precinct,Dem Member Of Democratic State Committee,Democrat,Dave Coder,89
Greene,Cumberland Township #2 Voting Precinct,Rep Member Of Republican State Committee,Republican,Elizabeth Betsy Rohanna Mcclure,81
Greene,Cumberland Township #4 Voting Precinct,Dem Governor,Democrat,Josh Shapiro,180
Greene,Cumberland Township #4 Voting Precinct,Rep Governor,Republican,Stacy Garrity,228
Greene,Cumberland Township #4 Voting Precinct,Dem Lieutenant Governor,Democrat,Austin Davis,172
Greene,Cumberland Township #4 Voting Precinct,Rep Lieutenant Governor,Republican,John Ventre,116
Greene,Cumberland Township #4 Voting Precinct,Rep Lieutenant Governor,Republican,Jason Richey,106
Greene,Cumberland Township #4 Voting Precinct,Dem Representative In Congress 14th Congressional Distri,Democrat,Alan Bradstock,165
Greene,Cumberland Township #4 Voting Precinct,Rep Representative In Congress 14th Congressional Distri,Republican,Guy Reschenthaler,236
Greene,Cumberland Township #4 Voting Precinct,Dem Senator In The General Assembly 46th Senatorial Dist,Democrat,Evan Snyder,160
Greene,Cumberland Township #4 Voting Precinct,Rep Senator In The General Assembly 46th Senatorial Dist,Republican,Al Buchtan,171
Greene,Cumberland Township #4 Voting Precinct,Rep Senator In The General Assembly 46th Senatorial Dist,Republican,Camera Bartolotta,94
Greene,Cumberland Township #4 Voting Precinct,Dem Representative In The General Assembly 50th Legislat,Democrat,Lois Bower-bjornson,154
Greene,Cumberland Township #4 Voting Precinct,Rep Representative In The General Assembly 50th Legislat,Republican,Bud Cook,102
Greene,Cumberland Township #4 Voting Precinct,Rep Representative In The General Assembly 50th Legislat,Republican,Ben Humble,168
Greene,Cumberland Township #4 Voting Precinct,Dem Member Of Democratic State Committee,Democrat,Dave Coder,179
Greene,Cumberland Township #4 Voting Precinct,Rep Member Of Republican State Committee,Republican,Elizabeth Betsy Rohanna Mcclure,223
Greene,Cumberland Township #4 Voting Precinct,Rep Member Of Republican County Committee Cumberland 4 (Vote for 2),Republican,Jeff Hathaway,245
Greene,Dunkard Township #1 Voting Precinct,Dem Governor,Democrat,Josh Shapiro,66
Greene,Dunkard Township #1 Voting Precinct,Rep Governor,Republican,Stacy Garrity,56
Greene,Dunkard Township #1 Voting Precinct,Dem Lieutenant Governor,Democrat,Austin Davis,66
Greene,Dunkard Township #1 Voting Precinct,Rep Lieutenant Governor,Republican,John Ventre,30
Greene,Dunkard Township #1 Voting Precinct,Rep Lieutenant Governor,Republican,Jason Richey,26
Greene,Dunkard Township #1 Voting Precinct,Dem Representative In Congress 14th Congressional Distri,Democrat,Alan Bradstock,61
Greene,Dunkard Township #1 Voting Precinct,Rep Representative In Congress 14th Congressional Distri,Republican,Guy Reschenthaler,56
Greene,Dunkard Township #1 Voting Precinct,Dem Senator In The General Assembly 46th Senatorial Dist,Democrat,Evan Snyder,58
Greene,Dunkard Township #1 Voting Precinct,Rep Senator In The General Assembly 46th Senatorial Dist,Republican,Al Buchtan,33
Greene,Dunkard Township #1 Voting Precinct,Rep Senator In The General Assembly 46th Senatorial Dist,Republican,Camera Bartolotta,28
Greene,Dunkard Township #1 Voting Precinct,Dem Representative In The General Assembly 50th Legislat,Democrat,Lois Bower-bjornson,57
Greene,Dunkard Township #1 Voting Precinct,Rep Representative In The General Assembly 50th Legislat,Republican,Bud Cook,19
Greene,Dunkard Township #1 Voting Precinct,Rep Representative In The General Assembly 50th Legislat,Republican,Ben Humble,44
Greene,Dunkard Township #1 Voting Precinct,Dem Member Of Democratic State Committee,Democrat,Dave Coder,64
Greene,Dunkard Township #1 Voting Precinct,Rep Member Of Republican State Committee,Republican,Elizabeth Betsy Rohanna Mcclure,54
Greene,Dunkard Townshp #2 Voting Precinct,Dem Governor,Democrat,Josh Shapiro,61
Greene,Dunkard Townshp #2 Voting Precinct,Rep Governor,Republican,Stacy Garrity,73
Greene,Dunkard Townshp #2 Voting Precinct,Dem Lieutenant Governor,Democrat,Austin Davis,57
Greene,Dunkard Townshp #2 Voting Precinct,Rep Lieutenant Governor,Republican,John Ventre,35
Greene,Dunkard Townshp #2 Voting Precinct,Rep Lieutenant Governor,Republican,Jason Richey,45
Greene,Dunkard Townshp #2 Voting Precinct,Dem Representative In Congress 14th Congressional Distri,Democrat,Alan Bradstock,56
Greene,Dunkard Townshp #2 Voting Precinct,Rep Representative In Congress 14th Congressional Distri,Republican,Guy Reschenthaler,76
Greene,Dunkard Townshp #2 Voting Precinct,Dem Senator In The General Assembly 46th Senatorial Dist,Democrat,Evan Snyder,51
Greene,Dunkard Townshp #2 Voting Precinct,Rep Senator In The General Assembly 46th Senatorial Dist,Republican,Al Buchtan,55
Greene,Dunkard Townshp #2 Voting Precinct,Rep Senator In The General Assembly 46th Senatorial Dist,Republican,Camera Bartolotta,30
Greene,Dunkard Townshp #2 Voting Precinct,Dem Representative In The General Assembly 50th Legislat,Democrat,Lois Bower-bjornson,54
Greene,Dunkard Townshp #2 Voting Precinct,Rep Representative In The General Assembly 50th Legislat,Republican,Bud Cook,23
Greene,Dunkard Townshp #2 Voting Precinct,Rep Representative In The General Assembly 50th Legislat,Republican,Ben Humble,66
Greene,Dunkard Townshp #2 Voting Precinct,Dem Member Of Democratic State Committee,Democrat,Dave Coder,62
Greene,Dunkard Townshp #2 Voting Precinct,Rep Member Of Republican State Committee,Republican,Elizabeth Betsy Rohanna Mcclure,75
Greene,Jefferson Township #1 Voting Precinct,Dem Governor,Democrat,Josh Shapiro,89
Greene,Jefferson Township #1 Voting Precinct,Rep Governor,Republican,Stacy Garrity,123
Greene,Jefferson Township #1 Voting Precinct,Dem Lieutenant Governor,Democrat,Austin Davis,85
Greene,Jefferson Township #1 Voting Precinct,Rep Lieutenant Governor,Republican,John Ventre,70
Greene,Jefferson Township #1 Voting Precinct,Rep Lieutenant Governor,Republican,Jason Richey,53
Greene,Jefferson Township #1 Voting Precinct,Dem Representative In Congress 14th Congressional Distri,Democrat,Alan Bradstock,82
Greene,Jefferson Township #1 Voting Precinct,Rep Representative In Congress 14th Congressional Distri,Republican,Guy Reschenthaler,131
Greene,Jefferson Township #1 Voting Precinct,Dem Senator In The General Assembly 46th Senatorial Dist,Democrat,Evan Snyder,83
Greene,Jefferson Township #1 Voting Precinct,Rep Senator In The General Assembly 46th Senatorial Dist,Republican,Al Buchtan,81
Greene,Jefferson Township #1 Voting Precinct,Rep Senator In The General Assembly 46th Senatorial Dist,Republican,Camera Bartolotta,61
Greene,Jefferson Township #1 Voting Precinct,Dem Representative In The General Assembly 50th Legislat,Democrat,Lois Bower-bjornson,78
Greene,Jefferson Township #1 Voting Precinct,Rep Representative In The General Assembly 50th Legislat,Republican,Bud Cook,49
Greene,Jefferson Township #1 Voting Precinct,Rep Representative In The General Assembly 50th Legislat,Republican,Ben Humble,100
Greene,Jefferson Township #1 Voting Precinct,Dem Member Of Democratic State Committee,Democrat,Dave Coder,81
Greene,Jefferson Township #1 Voting Precinct,Rep Member Of Republican State Committee,Republican,Elizabeth Betsy Rohanna Mcclure,118
Greene,Jefferson Township #1 Voting Precinct,Rep Member Of Republican County Committee Jefferson 1 (Vote for 2),Republican,Rebecca Trigger,100
Greene,Jefferson Township #1 Voting Precinct,Rep Member Of Republican County Committee Jefferson 1 (Vote for 2),Republican,Donald P. Wilson,114
Greene,Jefferson Township #2 Voting Precinct,Dem Governor,Democrat,Josh Shapiro,20
Greene,Jefferson Township #2 Voting Precinct,Rep Governor,Republican,Stacy Garrity,19
Greene,Jefferson Township #2 Voting Precinct,Dem Lieutenant Governor,Democrat,Austin Davis,18
Greene,Jefferson Township #2 Voting Precinct,Rep Lieutenant Governor,Republican,John Ventre,10
Greene,Jefferson Township #2 Voting Precinct,Rep Lieutenant Governor,Republican,Jason Richey,9
Greene,Jefferson Township #2 Voting Precinct,Dem Representative In Congress 14th Congressional Distri,Democrat,Alan Bradstock,18
Greene,Jefferson Township #2 Voting Precinct,Rep Representative In Congress 14th Congressional Distri,Republican,Guy Reschenthaler,19
Greene,Jefferson Township #2 Voting Precinct,Dem Senator In The General Assembly 46th Senatorial Dist,Democrat,Evan Snyder,16
Greene,Jefferson Township #2 Voting Precinct,Rep Senator In The General Assembly 46th Senatorial Dist,Republican,Al Buchtan,13
Greene,Jefferson Township #2 Voting Precinct,Rep Senator In The General Assembly 46th Senatorial Dist,Republican,Camera Bartolotta,7
Greene,Jefferson Township #2 Voting Precinct,Dem Representative In The General Assembly 50th Legislat,Democrat,Lois Bower-bjornson,17
Greene,Jefferson Township #2 Voting Precinct,Rep Representative In The General Assembly 50th Legislat,Republican,Bud Cook,6
Greene,Jefferson Township #2 Voting Precinct,Rep Representative In The General Assembly 50th Legislat,Republican,Ben Humble,14
Greene,Jefferson Township #2 Voting Precinct,Dem Member Of Democratic State Committee,Democrat,Dave Coder,20
Greene,Jefferson Township #2 Voting Precinct,Rep Member Of Republican State Committee,Republican,Elizabeth Betsy Rohanna Mcclure,18
Greene,Jefferson Township #2 Voting Precinct,Rep Member Of Republican County Committee Jefferson 2 (Vote for 2),Republican,Mark W. Starostanko,19
Greene,Jefferson Township #3 Voting Precinct,Dem Governor,Democrat,Josh Shapiro,90
Greene,Jefferson Township #3 Voting Precinct,Rep Governor,Republican,Stacy Garrity,94
Greene,Jefferson Township #3 Voting Precinct,Dem Lieutenant Governor,Democrat,Austin Davis,88
Greene,Jefferson Township #3 Voting Precinct,Rep Lieutenant Governor,Republican,John Ventre,56
Greene,Jefferson Township #3 Voting Precinct,Rep Lieutenant Governor,Republican,Jason Richey,46
Greene,Jefferson Township #3 Voting Precinct,Dem Representative In Congress 14th Congressional Distri,Democrat,Alan Bradstock,83
Greene,Jefferson Township #3 Voting Precinct,Rep Representative In Congress 14th Congressional Distri,Republican,Guy Reschenthaler,105
Greene,Jefferson Township #3 Voting Precinct,Dem Senator In The General Assembly 46th Senatorial Dist,Democrat,Evan Snyder,79
Greene,Jefferson Township #3 Voting Precinct,Rep Senator In The General Assembly 46th Senatorial Dist,Republican,Al Buchtan,74
Greene,Jefferson Township #3 Voting Precinct,Rep Senator In The General Assembly 46th Senatorial Dist,Republican,Camera Bartolotta,41
Greene,Jefferson Township #3 Voting Precinct,Dem Representative In The General Assembly 50th Legislat,Democrat,Lois Bower-bjornson,77
Greene,Jefferson Township #3 Voting Precinct,Rep Representative In The General Assembly 50th Legislat,Republican,Bud Cook,51
Greene,Jefferson Township #3 Voting Precinct,Rep Representative In The General Assembly 50th Legislat,Republican,Ben Humble,64
Greene,Jefferson Township #3 Voting Precinct,Dem Member Of Democratic State Committee,Democrat,Dave Coder,88
Greene,Jefferson Township #3 Voting Precinct,Rep Member Of Republican State Committee,Republican,Elizabeth Betsy Rohanna Mcclure,100
Greene,Jefferson Township #3 Voting Precinct,Rep Member Of Republican County Committee Jefferson 3 (Vote for 2),Republican,Daniel Wagner,81
Greene,Jefferson Township #3 Voting Precinct,Rep Member Of Republican County Committee Jefferson 3 (Vote for 2),Republican,Robert Berdine,72
Greene,Jefferson Township #4 Voting Precinct,Dem Governor,Democrat,Josh Shapiro,29
Greene,Jefferson Township #4 Voting Precinct,Rep Governor,Republican,Stacy Garrity,11
Greene,Jefferson Township #4 Voting Precinct,Dem Lieutenant Governor,Democrat,Austin Davis,26
Greene,Jefferson Township #4 Voting Precinct,Rep Lieutenant Governor,Republican,John Ventre,9
Greene,Jefferson Township #4 Voting Precinct,Rep Lieutenant Governor,Republican,Jason Richey,5
Greene,Jefferson Township #4 Voting Precinct,Dem Representative In Congress 14th Congressional Distri,Democrat,Alan Bradstock,26
Greene,Jefferson Township #4 Voting Precinct,Rep Representative In Congress 14th Congressional Distri,Republican,Guy Reschenthaler,13
Greene,Jefferson Township #4 Voting Precinct,Dem Senator In The General Assembly 46th Senatorial Dist,Democrat,Evan Snyder,26
Greene,Jefferson Township #4 Voting Precinct,Rep Senator In The General Assembly 46th Senatorial Dist,Republican,Al Buchtan,10
Greene,Jefferson Township #4 Voting Precinct,Rep Senator In The General Assembly 46th Senatorial Dist,Republican,Camera Bartolotta,7
Greene,Jefferson Township #4 Voting Precinct,Dem Representative In The General Assembly 50th Legislat,Democrat,Lois Bower-bjornson,26
Greene,Jefferson Township #4 Voting Precinct,Rep Representative In The General Assembly 50th Legislat,Republican,Bud Cook,6
Greene,Jefferson Township #4 Voting Precinct,Rep Representative In The General Assembly 50th Legislat,Republican,Ben Humble,10
Greene,Jefferson Township #4 Voting Precinct,Dem Member Of Democratic State Committee,Democrat,Dave Coder,25
Greene,Jefferson Township #4 Voting Precinct,Rep Member Of Republican State Committee,Republican,Elizabeth Betsy Rohanna Mcclure,13
Greene,Jefferson Township #4 Voting Precinct,Rep Member Of Republican County Committee Jefferson 4 (Vote for 2),Republican,Cheryl Stickovich-kefover,13
Greene,Jefferson Township #4 Voting Precinct,Rep Member Of Republican County Committee Jefferson 4 (Vote for 2),Republican,Adam Kefover,12
Greene,Monongahela Township #1 Voting Precinct,Dem Governor,Democrat,Josh Shapiro,57
Greene,Monongahela Township #1 Voting Precinct,Rep Governor,Republican,Stacy Garrity,74
Greene,Monongahela Township #1 Voting Precinct,Dem Lieutenant Governor,Democrat,Austin Davis,51
Greene,Monongahela Township #1 Voting Precinct,Rep Lieutenant Governor,Republican,John Ventre,35
Greene,Monongahela Township #1 Voting Precinct,Rep Lieutenant Governor,Republican,Jason Richey,35
Greene,Monongahela Township #1 Voting Precinct,Dem Representative In Congress 14th Congressional Distri,Democrat,Alan Bradstock,50
Greene,Monongahela Township #1 Voting Precinct,Rep Representative In Congress 14th Congressional Distri,Republican,Guy Reschenthaler,73
Greene,Monongahela Township #1 Voting Precinct,Dem Senator In The General Assembly 46th Senatorial Dist,Democrat,Evan Snyder,49
Greene,Monongahela Township #1 Voting Precinct,Rep Senator In The General Assembly 46th Senatorial Dist,Republican,Al Buchtan,52
Greene,Monongahela Township #1 Voting Precinct,Rep Senator In The General Assembly 46th Senatorial Dist,Republican,Camera Bartolotta,31
Greene,Monongahela Township #1 Voting Precinct,Dem Representative In The General Assembly 50th Legislat,Democrat,Lois Bower-bjornson,48
Greene,Monongahela Township #1 Voting Precinct,Rep Representative In The General Assembly 50th Legislat,Republican,Bud Cook,29
Greene,Monongahela Township #1 Voting Precinct,Rep Representative In The General Assembly 50th Legislat,Republican,Ben Humble,58
Greene,Monongahela Township #1 Voting Precinct,Dem Member Of Democratic State Committee,Democrat,Dave Coder,52
Greene,Monongahela Township #1 Voting Precinct,Rep Member Of Republican State Committee,Republican,Elizabeth Betsy Rohanna Mcclure,70
Greene,Monongahela Township #1 Voting Precinct,Rep Member Of Republican County Committee Monongahela (Vote for 2),Republican,Gary P. Moser,71
Greene,Monongahela Township #2 Voting Precinct,Dem Governor,Democrat,Josh Shapiro,35
Greene,Monongahela Township #2 Voting Precinct,Rep Governor,Republican,Stacy Garrity,34
Greene,Monongahela Township #2 Voting Precinct,Dem Lieutenant Governor,Democrat,Austin Davis,35
Greene,Monongahela Township #2 Voting Precinct,Rep Lieutenant Governor,Republican,John Ventre,18
Greene,Monongahela Township #2 Voting Precinct,Rep Lieutenant Governor,Republican,Jason Richey,17
Greene,Monongahela Township #2 Voting Precinct,Dem Representative In Congress 14th Congressional Distri,Democrat,Alan Bradstock,35
Greene,Monongahela Township #2 Voting Precinct,Rep Representative In Congress 14th Congressional Distri,Republican,Guy Reschenthaler,33
Greene,Monongahela Township #2 Voting Precinct,Dem Senator In The General Assembly 46th Senatorial Dist,Democrat,Evan Snyder,34
Greene,Monongahela Township #2 Voting Precinct,Rep Senator In The General Assembly 46th Senatorial Dist,Republican,Al Buchtan,22
Greene,Monongahela Township #2 Voting Precinct,Rep Senator In The General Assembly 46th Senatorial Dist,Republican,Camera Bartolotta,13
Greene,Monongahela Township #2 Voting Precinct,Dem Representative In The General Assembly 50th Legislat,Democrat,Lois Bower-bjornson,34
Greene,Monongahela Township #2 Voting Precinct,Rep Representative In The General Assembly 50th Legislat,Republican,Bud Cook,10
Greene,Monongahela Township #2 Voting Precinct,Rep Representative In The General Assembly 50th Legislat,Republican,Ben Humble,26
Greene,Monongahela Township #2 Voting Precinct,Dem Member Of Democratic State Committee,Democrat,Dave Coder,38
Greene,Monongahela Township #2 Voting Precinct,Rep Member Of Republican State Committee,Republican,Elizabeth Betsy Rohanna Mcclure,29
Greene,Morgan Township Chart/t Grdn Voting Precinct,Dem Governor,Democrat,Josh Shapiro,40
Greene,Morgan Township Chart/t Grdn Voting Precinct,Rep Governor,Republican,Stacy Garrity,33
Greene,Morgan Township Chart/t Grdn Voting Precinct,Dem Lieutenant Governor,Democrat,Austin Davis,38
Greene,Morgan Township Chart/t Grdn Voting Precinct,Rep Lieutenant Governor,Republican,John Ventre,17
Greene,Morgan Township Chart/t Grdn Voting Precinct,Rep Lieutenant Governor,Republican,Jason Richey,14
Greene,Morgan Township Chart/t Grdn Voting Precinct,Dem Representative In Congress 14th Congressional Distri,Democrat,Alan Bradstock,39
Greene,Morgan Township Chart/t Grdn Voting Precinct,Rep Representative In Congress 14th Congressional Distri,Republican,Guy Reschenthaler,31
Greene,Morgan Township Chart/t Grdn Voting Precinct,Dem Senator In The General Assembly 46th Senatorial Dist,Democrat,Evan Snyder,38
Greene,Morgan Township Chart/t Grdn Voting Precinct,Rep Senator In The General Assembly 46th Senatorial Dist,Republican,Al Buchtan,26
Greene,Morgan Township Chart/t Grdn Voting Precinct,Rep Senator In The General Assembly 46th Senatorial Dist,Republican,Camera Bartolotta,11
Greene,Morgan Township Chart/t Grdn Voting Precinct,Dem Representative In The General Assembly 50th Legislat,Democrat,Lois Bower-bjornson,35
Greene,Morgan Township Chart/t Grdn Voting Precinct,Rep Representative In The General Assembly 50th Legislat,Republican,Bud Cook,17
Greene,Morgan Township Chart/t Grdn Voting Precinct,Rep Representative In The General Assembly 50th Legislat,Republican,Ben Humble,22
Greene,Morgan Township Chart/t Grdn Voting Precinct,Dem Member Of Democratic State Committee,Democrat,Dave Coder,41
Greene,Morgan Township Chart/t Grdn Voting Precinct,Rep Member Of Republican State Committee,Republican,Elizabeth Betsy Rohanna Mcclure,27
Greene,Morgan Township Lippencott Voting Precinct,Dem Governor,Democrat,Josh Shapiro,54
Greene,Morgan Township Lippencott Voting Precinct,Rep Governor,Republican,Stacy Garrity,116
Greene,Morgan Township Lippencott Voting Precinct,Dem Lieutenant Governor,Democrat,Austin Davis,52
Greene,Morgan Township Lippencott Voting Precinct,Rep Lieutenant Governor,Republican,John Ventre,37
Greene,Morgan Township Lippencott Voting Precinct,Rep Lieutenant Governor,Republican,Jason Richey,77
Greene,Morgan Township Lippencott Voting Precinct,Dem Representative In Congress 14th Congressional Distri,Democrat,Alan Bradstock,50
Greene,Morgan Township Lippencott Voting Precinct,Rep Representative In Congress 14th Congressional Distri,Republican,Guy Reschenthaler,116
Greene,Morgan Township Lippencott Voting Precinct,Dem Senator In The General Assembly 46th Senatorial Dist,Democrat,Evan Snyder,53
Greene,Morgan Township Lippencott Voting Precinct,Rep Senator In The General Assembly 46th Senatorial Dist,Republican,Al Buchtan,60
Greene,Morgan Township Lippencott Voting Precinct,Rep Senator In The General Assembly 46th Senatorial Dist,Republican,Camera Bartolotta,62
Greene,Morgan Township Lippencott Voting Precinct,Dem Representative In The General Assembly 50th Legislat,Democrat,Lois Bower-bjornson,49
Greene,Morgan Township Lippencott Voting Precinct,Rep Representative In The General Assembly 50th Legislat,Republican,Bud Cook,41
Greene,Morgan Township Lippencott Voting Precinct,Rep Representative In The General Assembly 50th Legislat,Republican,Ben Humble,90
Greene,Morgan Township Lippencott Voting Precinct,Dem Member Of Democratic State Committee,Democrat,Dave Coder,58
Greene,Morgan Township Lippencott Voting Precinct,Rep Member Of Republican State Committee,Republican,Elizabeth Betsy Rohanna Mcclure,111
Greene,Morgan Township Lippencott Voting Precinct,Rep Member Of Republican County Committee Morgan Lipp (Vote for 2),Republican,Clint Blaney,96
Greene,Morgan Township Lippencott Voting Precinct,Rep Member Of Republican County Committee Morgan Lipp (Vote for 2),Republican,Philomena Blaney,75
Greene,Morgan Township Lippencott Voting Precinct,Rep Member Of Republican County Committee Morgan Lipp (Vote for 2),Republican,Cheryl Semonick,46
Greene,Morgan Township Mather Voting Precinct,Dem Governor,Democrat,Josh Shapiro,94
Greene,Morgan Township Mather Voting Precinct,Rep Governor,Republican,Stacy Garrity,67
Greene,Morgan Township Mather Voting Precinct,Dem Lieutenant Governor,Democrat,Austin Davis,88
Greene,Morgan Township Mather Voting Precinct,Rep Lieutenant Governor,Republican,John Ventre,30
Greene,Morgan Township Mather Voting Precinct,Rep Lieutenant Governor,Republican,Jason Richey,42
Greene,Morgan Township Mather Voting Precinct,Dem Representative In Congress 14th Congressional Distri,Democrat,Alan Bradstock,81
Greene,Morgan Township Mather Voting Precinct,Rep Representative In Congress 14th Congressional Distri,Republican,Guy Reschenthaler,72
Greene,Morgan Township Mather Voting Precinct,Dem Senator In The General Assembly 46th Senatorial Dist,Democrat,Evan Snyder,79
Greene,Morgan Township Mather Voting Precinct,Rep Senator In The General Assembly 46th Senatorial Dist,Republican,Al Buchtan,47
Greene,Morgan Township Mather Voting Precinct,Rep Senator In The General Assembly 46th Senatorial Dist,Republican,Camera Bartolotta,33
Greene,Morgan Township Mather Voting Precinct,Dem Representative In The General Assembly 50th Legislat,Democrat,Lois Bower-bjornson,81
Greene,Morgan Township Mather Voting Precinct,Rep Representative In The General Assembly 50th Legislat,Republican,Bud Cook,43
Greene,Morgan Township Mather Voting Precinct,Rep Representative In The General Assembly 50th Legislat,Republican,Ben Humble,42
Greene,Morgan Township Mather Voting Precinct,Dem Member Of Democratic State Committee,Democrat,Dave Coder,94
Greene,Morgan Township Mather Voting Precinct,Rep Member Of Republican State Committee,Republican,Elizabeth Betsy Rohanna Mcclure,65
Greene,Morgan Township Mather Voting Precinct,Rep Member Of Republican County Committee Morgan Mather (Vote for 2),Republican,Darrell Day,64
