<?xml version="1.0"?>
<!--Election result snapshot imported from Tabulation System
-->
<ElectionResult>
    <Timestamp>2/21/2023 9:56:27 AM EST</Timestamp>
    <ElectionName>2023 Special Election - PA 32nd District</ElectionName>
    <ElectionDate>1/17/2023</ElectionDate>
    <Region>Allegheny</Region>
    <VoterTurnout totalVoters="46345" ballotsCast="12886" voterTurnout="27.80">
        <Precincts>
            <Precinct name="Oakmont Dist 1" totalVoters="843" ballotsCast="328" voterTurnout="38.91" percentReporting="4" />
            <Precinct name="Oakmont Dist 2" totalVoters="1038" ballotsCast="349" voterTurnout="33.62" percentReporting="4" />
            <Precinct name="Oakmont Dist 3" totalVoters="750" ballotsCast="243" voterTurnout="32.40" percentReporting="4" />
            <Precinct name="Oakmont Dist 4" totalVoters="849" ballotsCast="253" voterTurnout="29.80" percentReporting="4" />
            <Precinct name="Oakmont Dist 5" totalVoters="645" ballotsCast="195" voterTurnout="30.23" percentReporting="4" />
            <Precinct name="Oakmont Dist 6" totalVoters="1285" ballotsCast="398" voterTurnout="30.97" percentReporting="4" />
            <Precinct name="Penn Hills Ward 1 Dist 1" totalVoters="684" ballotsCast="180" voterTurnout="26.32" percentReporting="4" />
            <Precinct name="Penn Hills Ward 1 Dist 2" totalVoters="710" ballotsCast="184" voterTurnout="25.92" percentReporting="4" />
            <Precinct name="Penn Hills Ward 1 Dist 3" totalVoters="449" ballotsCast="91" voterTurnout="20.27" percentReporting="4" />
            <Precinct name="Penn Hills Ward 1 Dist 4" totalVoters="304" ballotsCast="53" voterTurnout="17.43" percentReporting="4" />
            <Precinct name="Penn Hills Ward 1 Dist 5" totalVoters="188" ballotsCast="44" voterTurnout="23.40" percentReporting="4" />
            <Precinct name="Penn Hills Ward 2 Dist 1" totalVoters="675" ballotsCast="155" voterTurnout="22.96" percentReporting="4" />
            <Precinct name="Penn Hills Ward 2 Dist 2" totalVoters="692" ballotsCast="128" voterTurnout="18.50" percentReporting="4" />
            <Precinct name="Penn Hills Ward 2 Dist 3" totalVoters="793" ballotsCast="185" voterTurnout="23.33" percentReporting="4" />
            <Precinct name="Penn Hills Ward 2 Dist 4" totalVoters="560" ballotsCast="202" voterTurnout="36.07" percentReporting="4" />
            <Precinct name="Penn Hills Ward 3 Dist 1" totalVoters="726" ballotsCast="263" voterTurnout="36.23" percentReporting="4" />
            <Precinct name="Penn Hills Ward 3 Dist 2" totalVoters="481" ballotsCast="132" voterTurnout="27.44" percentReporting="4" />
            <Precinct name="Penn Hills Ward 3 Dist 3" totalVoters="605" ballotsCast="172" voterTurnout="28.43" percentReporting="4" />
            <Precinct name="Penn Hills Ward 3 Dist 4" totalVoters="769" ballotsCast="185" voterTurnout="24.06" percentReporting="4" />
            <Precinct name="Penn Hills Ward 3 Dist 5" totalVoters="416" ballotsCast="64" voterTurnout="15.38" percentReporting="4" />
            <Precinct name="Penn Hills Ward 3 Dist 6" totalVoters="456" ballotsCast="123" voterTurnout="26.97" percentReporting="4" />
            <Precinct name="Penn Hills Ward 4 Dist 1" totalVoters="540" ballotsCast="161" voterTurnout="29.81" percentReporting="4" />
            <Precinct name="Penn Hills Ward 4 Dist 2" totalVoters="696" ballotsCast="164" voterTurnout="23.56" percentReporting="4" />
            <Precinct name="Penn Hills Ward 4 Dist 3" totalVoters="707" ballotsCast="199" voterTurnout="28.15" percentReporting="4" />
            <Precinct name="Penn Hills Ward 4 Dist 4" totalVoters="601" ballotsCast="170" voterTurnout="28.29" percentReporting="4" />
            <Precinct name="Penn Hills Ward 4 Dist 5" totalVoters="575" ballotsCast="155" voterTurnout="26.96" percentReporting="4" />
            <Precinct name="Penn Hills Ward 5 Dist 1" totalVoters="660" ballotsCast="164" voterTurnout="24.85" percentReporting="4" />
            <Precinct name="Penn Hills Ward 5 Dist 2" totalVoters="584" ballotsCast="118" voterTurnout="20.21" percentReporting="4" />
            <Precinct name="Penn Hills Ward 5 Dist 3" totalVoters="673" ballotsCast="212" voterTurnout="31.50" percentReporting="4" />
            <Precinct name="Penn Hills Ward 5 Dist 4" totalVoters="585" ballotsCast="176" voterTurnout="30.09" percentReporting="4" />
            <Precinct name="Penn Hills Ward 5 Dist 5" totalVoters="522" ballotsCast="137" voterTurnout="26.25" percentReporting="4" />
            <Precinct name="Penn Hills Ward 5 Dist 6" totalVoters="672" ballotsCast="180" voterTurnout="26.79" percentReporting="4" />
            <Precinct name="Penn Hills Ward 6 Dist 1" totalVoters="533" ballotsCast="126" voterTurnout="23.64" percentReporting="4" />
            <Precinct name="Penn Hills Ward 6 Dist 2" totalVoters="640" ballotsCast="158" voterTurnout="24.69" percentReporting="4" />
            <Precinct name="Penn Hills Ward 6 Dist 3" totalVoters="497" ballotsCast="165" voterTurnout="33.20" percentReporting="4" />
            <Precinct name="Penn Hills Ward 6 Dist 4" totalVoters="536" ballotsCast="113" voterTurnout="21.08" percentReporting="4" />
            <Precinct name="Penn Hills Ward 6 Dist 5" totalVoters="574" ballotsCast="152" voterTurnout="26.48" percentReporting="4" />
            <Precinct name="Penn Hills Ward 6 Dist 6" totalVoters="547" ballotsCast="173" voterTurnout="31.63" percentReporting="4" />
            <Precinct name="Penn Hills Ward 7 Dist 1" totalVoters="621" ballotsCast="169" voterTurnout="27.21" percentReporting="4" />
            <Precinct name="Penn Hills Ward 7 Dist 2" totalVoters="636" ballotsCast="177" voterTurnout="27.83" percentReporting="4" />
            <Precinct name="Penn Hills Ward 7 Dist 3" totalVoters="856" ballotsCast="247" voterTurnout="28.86" percentReporting="4" />
            <Precinct name="Penn Hills Ward 7 Dist 4" totalVoters="594" ballotsCast="176" voterTurnout="29.63" percentReporting="4" />
            <Precinct name="Penn Hills Ward 7 Dist 5" totalVoters="698" ballotsCast="184" voterTurnout="26.36" percentReporting="4" />
            <Precinct name="Penn Hills Ward 7 Dist 6" totalVoters="682" ballotsCast="162" voterTurnout="23.75" percentReporting="4" />
            <Precinct name="Penn Hills Ward 7 Dist 7" totalVoters="664" ballotsCast="156" voterTurnout="23.49" percentReporting="4" />
            <Precinct name="Penn Hills Ward 8 Dist 1" totalVoters="620" ballotsCast="194" voterTurnout="31.29" percentReporting="4" />
            <Precinct name="Penn Hills Ward 8 Dist 2" totalVoters="543" ballotsCast="169" voterTurnout="31.12" percentReporting="4" />
            <Precinct name="Penn Hills Ward 8 Dist 3" totalVoters="514" ballotsCast="175" voterTurnout="34.05" percentReporting="4" />
            <Precinct name="Penn Hills Ward 8 Dist 4" totalVoters="612" ballotsCast="191" voterTurnout="31.21" percentReporting="4" />
            <Precinct name="Penn Hills Ward 8 Dist 5" totalVoters="884" ballotsCast="265" voterTurnout="29.98" percentReporting="4" />
            <Precinct name="Penn Hills Ward 8 Dist 6" totalVoters="464" ballotsCast="153" voterTurnout="32.97" percentReporting="4" />
            <Precinct name="Penn Hills Ward 9 Dist 1" totalVoters="513" ballotsCast="187" voterTurnout="36.45" percentReporting="4" />
            <Precinct name="Penn Hills Ward 9 Dist 2" totalVoters="546" ballotsCast="175" voterTurnout="32.05" percentReporting="4" />
            <Precinct name="Penn Hills Ward 9 Dist 3" totalVoters="863" ballotsCast="263" voterTurnout="30.48" percentReporting="4" />
            <Precinct name="Penn Hills Ward 9 Dist 4" totalVoters="583" ballotsCast="220" voterTurnout="37.74" percentReporting="4" />
            <Precinct name="Penn Hills Ward 9 Dist 5" totalVoters="290" ballotsCast="92" voterTurnout="31.72" percentReporting="4" />
            <Precinct name="Plum Dist 1" totalVoters="1744" ballotsCast="409" voterTurnout="23.45" percentReporting="4" />
            <Precinct name="Plum Dist 2" totalVoters="622" ballotsCast="145" voterTurnout="23.31" percentReporting="4" />
            <Precinct name="Plum Dist 3" totalVoters="1008" ballotsCast="353" voterTurnout="35.02" percentReporting="4" />
            <Precinct name="Plum Dist 7" totalVoters="1200" ballotsCast="301" voterTurnout="25.08" percentReporting="4" />
            <Precinct name="Plum Dist 17" totalVoters="646" ballotsCast="173" voterTurnout="26.78" percentReporting="4" />
            <Precinct name="Plum Dist 18" totalVoters="806" ballotsCast="245" voterTurnout="30.40" percentReporting="4" />
            <Precinct name="Plum Dist 19" totalVoters="2062" ballotsCast="477" voterTurnout="23.13" percentReporting="4" />
            <Precinct name="Plum Dist 20" totalVoters="965" ballotsCast="247" voterTurnout="25.60" percentReporting="4" />
            <Precinct name="Plum Dist 21" totalVoters="423" ballotsCast="109" voterTurnout="25.77" percentReporting="4" />
            <Precinct name="Verona Dist 1" totalVoters="494" ballotsCast="111" voterTurnout="22.47" percentReporting="4" />
            <Precinct name="Verona Dist 2" totalVoters="561" ballotsCast="152" voterTurnout="27.09" percentReporting="4" />
            <Precinct name="Verona Dist 3" totalVoters="571" ballotsCast="159" voterTurnout="27.85" percentReporting="4" />
        </Precincts>
    </VoterTurnout>
    <Contest key="0004" text="Representative in the General Assembly, 32nd District" voteFor="1" isQuestion="false" precinctsReporting="68" precinctsReported="68">
        <VoteType name="regVotersCounty" votes="0">
            <Precinct name="Oakmont Dist 1" votes="0" />
            <Precinct name="Oakmont Dist 2" votes="0" />
            <Precinct name="Oakmont Dist 3" votes="0" />
            <Precinct name="Oakmont Dist 4" votes="0" />
            <Precinct name="Oakmont Dist 5" votes="0" />
            <Precinct name="Oakmont Dist 6" votes="0" />
            <Precinct name="Penn Hills Ward 1 Dist 1" votes="0" />
            <Precinct name="Penn Hills Ward 1 Dist 2" votes="0" />
            <Precinct name="Penn Hills Ward 1 Dist 3" votes="0" />
            <Precinct name="Penn Hills Ward 1 Dist 4" votes="0" />
            <Precinct name="Penn Hills Ward 1 Dist 5" votes="0" />
            <Precinct name="Penn Hills Ward 2 Dist 1" votes="0" />
            <Precinct name="Penn Hills Ward 2 Dist 2" votes="0" />
            <Precinct name="Penn Hills Ward 2 Dist 3" votes="0" />
            <Precinct name="Penn Hills Ward 2 Dist 4" votes="0" />
            <Precinct name="Penn Hills Ward 3 Dist 1" votes="0" />
            <Precinct name="Penn Hills Ward 3 Dist 2" votes="0" />
            <Precinct name="Penn Hills Ward 3 Dist 3" votes="0" />
            <Precinct name="Penn Hills Ward 3 Dist 4" votes="0" />
            <Precinct name="Penn Hills Ward 3 Dist 5" votes="0" />
            <Precinct name="Penn Hills Ward 3 Dist 6" votes="0" />
            <Precinct name="Penn Hills Ward 4 Dist 1" votes="0" />
            <Precinct name="Penn Hills Ward 4 Dist 2" votes="0" />
            <Precinct name="Penn Hills Ward 4 Dist 3" votes="0" />
            <Precinct name="Penn Hills Ward 4 Dist 4" votes="0" />
            <Precinct name="Penn Hills Ward 4 Dist 5" votes="0" />
            <Precinct name="Penn Hills Ward 5 Dist 1" votes="0" />
            <Precinct name="Penn Hills Ward 5 Dist 2" votes="0" />
            <Precinct name="Penn Hills Ward 5 Dist 3" votes="0" />
            <Precinct name="Penn Hills Ward 5 Dist 4" votes="0" />
            <Precinct name="Penn Hills Ward 5 Dist 5" votes="0" />
            <Precinct name="Penn Hills Ward 5 Dist 6" votes="0" />
            <Precinct name="Penn Hills Ward 6 Dist 1" votes="0" />
            <Precinct name="Penn Hills Ward 6 Dist 2" votes="0" />
            <Precinct name="Penn Hills Ward 6 Dist 3" votes="0" />
            <Precinct name="Penn Hills Ward 6 Dist 4" votes="0" />
            <Precinct name="Penn Hills Ward 6 Dist 5" votes="0" />
            <Precinct name="Penn Hills Ward 6 Dist 6" votes="0" />
            <Precinct name="Penn Hills Ward 7 Dist 1" votes="0" />
            <Precinct name="Penn Hills Ward 7 Dist 2" votes="0" />
            <Precinct name="Penn Hills Ward 7 Dist 3" votes="0" />
            <Precinct name="Penn Hills Ward 7 Dist 4" votes="0" />
            <Precinct name="Penn Hills Ward 7 Dist 5" votes="0" />
            <Precinct name="Penn Hills Ward 7 Dist 6" votes="0" />
            <Precinct name="Penn Hills Ward 7 Dist 7" votes="0" />
            <Precinct name="Penn Hills Ward 8 Dist 1" votes="0" />
            <Precinct name="Penn Hills Ward 8 Dist 2" votes="0" />
            <Precinct name="Penn Hills Ward 8 Dist 3" votes="0" />
            <Precinct name="Penn Hills Ward 8 Dist 4" votes="0" />
            <Precinct name="Penn Hills Ward 8 Dist 5" votes="0" />
            <Precinct name="Penn Hills Ward 8 Dist 6" votes="0" />
            <Precinct name="Penn Hills Ward 9 Dist 1" votes="0" />
            <Precinct name="Penn Hills Ward 9 Dist 2" votes="0" />
            <Precinct name="Penn Hills Ward 9 Dist 3" votes="0" />
            <Precinct name="Penn Hills Ward 9 Dist 4" votes="0" />
            <Precinct name="Penn Hills Ward 9 Dist 5" votes="0" />
            <Precinct name="Plum Dist 1" votes="0" />
            <Precinct name="Plum Dist 2" votes="0" />
            <Precinct name="Plum Dist 3" votes="0" />
            <Precinct name="Plum Dist 7" votes="0" />
            <Precinct name="Plum Dist 17" votes="0" />
            <Precinct name="Plum Dist 18" votes="0" />
            <Precinct name="Plum Dist 19" votes="0" />
            <Precinct name="Plum Dist 20" votes="0" />
            <Precinct name="Plum Dist 21" votes="0" />
            <Precinct name="Verona Dist 1" votes="0" />
            <Precinct name="Verona Dist 2" votes="0" />
            <Precinct name="Verona Dist 3" votes="0" />
        </VoteType>
        <Choice key="001" text="DEM Joe McAndrew" party="DEM" totalVotes="9604">
            <VoteType name="Election Day" votes="3968">
                <Precinct name="Oakmont Dist 1" votes="135" />
                <Precinct name="Oakmont Dist 2" votes="102" />
                <Precinct name="Oakmont Dist 3" votes="109" />
                <Precinct name="Oakmont Dist 4" votes="96" />
                <Precinct name="Oakmont Dist 5" votes="92" />
                <Precinct name="Oakmont Dist 6" votes="103" />
                <Precinct name="Penn Hills Ward 1 Dist 1" votes="50" />
                <Precinct name="Penn Hills Ward 1 Dist 2" votes="69" />
                <Precinct name="Penn Hills Ward 1 Dist 3" votes="30" />
                <Precinct name="Penn Hills Ward 1 Dist 4" votes="16" />
                <Precinct name="Penn Hills Ward 1 Dist 5" votes="14" />
                <Precinct name="Penn Hills Ward 2 Dist 1" votes="47" />
                <Precinct name="Penn Hills Ward 2 Dist 2" votes="48" />
                <Precinct name="Penn Hills Ward 2 Dist 3" votes="78" />
                <Precinct name="Penn Hills Ward 2 Dist 4" votes="69" />
                <Precinct name="Penn Hills Ward 3 Dist 1" votes="93" />
                <Precinct name="Penn Hills Ward 3 Dist 2" votes="52" />
                <Precinct name="Penn Hills Ward 3 Dist 3" votes="36" />
                <Precinct name="Penn Hills Ward 3 Dist 4" votes="43" />
                <Precinct name="Penn Hills Ward 3 Dist 5" votes="16" />
                <Precinct name="Penn Hills Ward 3 Dist 6" votes="44" />
                <Precinct name="Penn Hills Ward 4 Dist 1" votes="61" />
                <Precinct name="Penn Hills Ward 4 Dist 2" votes="45" />
                <Precinct name="Penn Hills Ward 4 Dist 3" votes="52" />
                <Precinct name="Penn Hills Ward 4 Dist 4" votes="46" />
                <Precinct name="Penn Hills Ward 4 Dist 5" votes="57" />
                <Precinct name="Penn Hills Ward 5 Dist 1" votes="61" />
                <Precinct name="Penn Hills Ward 5 Dist 2" votes="37" />
                <Precinct name="Penn Hills Ward 5 Dist 3" votes="64" />
                <Precinct name="Penn Hills Ward 5 Dist 4" votes="48" />
                <Precinct name="Penn Hills Ward 5 Dist 5" votes="52" />
                <Precinct name="Penn Hills Ward 5 Dist 6" votes="49" />
                <Precinct name="Penn Hills Ward 6 Dist 1" votes="43" />
                <Precinct name="Penn Hills Ward 6 Dist 2" votes="66" />
                <Precinct name="Penn Hills Ward 6 Dist 3" votes="53" />
                <Precinct name="Penn Hills Ward 6 Dist 4" votes="42" />
                <Precinct name="Penn Hills Ward 6 Dist 5" votes="48" />
                <Precinct name="Penn Hills Ward 6 Dist 6" votes="53" />
                <Precinct name="Penn Hills Ward 7 Dist 1" votes="61" />
                <Precinct name="Penn Hills Ward 7 Dist 2" votes="33" />
                <Precinct name="Penn Hills Ward 7 Dist 3" votes="89" />
                <Precinct name="Penn Hills Ward 7 Dist 4" votes="37" />
                <Precinct name="Penn Hills Ward 7 Dist 5" votes="65" />
                <Precinct name="Penn Hills Ward 7 Dist 6" votes="58" />
                <Precinct name="Penn Hills Ward 7 Dist 7" votes="33" />
                <Precinct name="Penn Hills Ward 8 Dist 1" votes="46" />
                <Precinct name="Penn Hills Ward 8 Dist 2" votes="68" />
                <Precinct name="Penn Hills Ward 8 Dist 3" votes="38" />
                <Precinct name="Penn Hills Ward 8 Dist 4" votes="47" />
                <Precinct name="Penn Hills Ward 8 Dist 5" votes="58" />
                <Precinct name="Penn Hills Ward 8 Dist 6" votes="50" />
                <Precinct name="Penn Hills Ward 9 Dist 1" votes="69" />
                <Precinct name="Penn Hills Ward 9 Dist 2" votes="45" />
                <Precinct name="Penn Hills Ward 9 Dist 3" votes="83" />
                <Precinct name="Penn Hills Ward 9 Dist 4" votes="85" />
                <Precinct name="Penn Hills Ward 9 Dist 5" votes="34" />
                <Precinct name="Plum Dist 1" votes="74" />
                <Precinct name="Plum Dist 2" votes="38" />
                <Precinct name="Plum Dist 3" votes="113" />
                <Precinct name="Plum Dist 7" votes="70" />
                <Precinct name="Plum Dist 17" votes="44" />
                <Precinct name="Plum Dist 18" votes="65" />
                <Precinct name="Plum Dist 19" votes="85" />
                <Precinct name="Plum Dist 20" votes="49" />
                <Precinct name="Plum Dist 21" votes="23" />
                <Precinct name="Verona Dist 1" votes="54" />
                <Precinct name="Verona Dist 2" votes="69" />
                <Precinct name="Verona Dist 3" votes="66" />
            </VoteType>
            <VoteType name="Absentee" votes="5552">
                <Precinct name="Oakmont Dist 1" votes="104" />
                <Precinct name="Oakmont Dist 2" votes="132" />
                <Precinct name="Oakmont Dist 3" votes="71" />
                <Precinct name="Oakmont Dist 4" votes="87" />
                <Precinct name="Oakmont Dist 5" votes="55" />
                <Precinct name="Oakmont Dist 6" votes="182" />
                <Precinct name="Penn Hills Ward 1 Dist 1" votes="119" />
                <Precinct name="Penn Hills Ward 1 Dist 2" votes="102" />
                <Precinct name="Penn Hills Ward 1 Dist 3" votes="54" />
                <Precinct name="Penn Hills Ward 1 Dist 4" votes="37" />
                <Precinct name="Penn Hills Ward 1 Dist 5" votes="25" />
                <Precinct name="Penn Hills Ward 2 Dist 1" votes="91" />
                <Precinct name="Penn Hills Ward 2 Dist 2" votes="65" />
                <Precinct name="Penn Hills Ward 2 Dist 3" votes="82" />
                <Precinct name="Penn Hills Ward 2 Dist 4" votes="115" />
                <Precinct name="Penn Hills Ward 3 Dist 1" votes="108" />
                <Precinct name="Penn Hills Ward 3 Dist 2" votes="58" />
                <Precinct name="Penn Hills Ward 3 Dist 3" votes="107" />
                <Precinct name="Penn Hills Ward 3 Dist 4" votes="111" />
                <Precinct name="Penn Hills Ward 3 Dist 5" votes="32" />
                <Precinct name="Penn Hills Ward 3 Dist 6" votes="50" />
                <Precinct name="Penn Hills Ward 4 Dist 1" votes="60" />
                <Precinct name="Penn Hills Ward 4 Dist 2" votes="83" />
                <Precinct name="Penn Hills Ward 4 Dist 3" votes="107" />
                <Precinct name="Penn Hills Ward 4 Dist 4" votes="81" />
                <Precinct name="Penn Hills Ward 4 Dist 5" votes="67" />
                <Precinct name="Penn Hills Ward 5 Dist 1" votes="66" />
                <Precinct name="Penn Hills Ward 5 Dist 2" votes="55" />
                <Precinct name="Penn Hills Ward 5 Dist 3" votes="98" />
                <Precinct name="Penn Hills Ward 5 Dist 4" votes="93" />
                <Precinct name="Penn Hills Ward 5 Dist 5" votes="56" />
                <Precinct name="Penn Hills Ward 5 Dist 6" votes="86" />
                <Precinct name="Penn Hills Ward 6 Dist 1" votes="55" />
                <Precinct name="Penn Hills Ward 6 Dist 2" votes="54" />
                <Precinct name="Penn Hills Ward 6 Dist 3" votes="78" />
                <Precinct name="Penn Hills Ward 6 Dist 4" votes="59" />
                <Precinct name="Penn Hills Ward 6 Dist 5" votes="73" />
                <Precinct name="Penn Hills Ward 6 Dist 6" votes="76" />
                <Precinct name="Penn Hills Ward 7 Dist 1" votes="83" />
                <Precinct name="Penn Hills Ward 7 Dist 2" votes="85" />
                <Precinct name="Penn Hills Ward 7 Dist 3" votes="108" />
                <Precinct name="Penn Hills Ward 7 Dist 4" votes="101" />
                <Precinct name="Penn Hills Ward 7 Dist 5" votes="77" />
                <Precinct name="Penn Hills Ward 7 Dist 6" votes="76" />
                <Precinct name="Penn Hills Ward 7 Dist 7" votes="71" />
                <Precinct name="Penn Hills Ward 8 Dist 1" votes="87" />
                <Precinct name="Penn Hills Ward 8 Dist 2" votes="53" />
                <Precinct name="Penn Hills Ward 8 Dist 3" votes="69" />
                <Precinct name="Penn Hills Ward 8 Dist 4" votes="98" />
                <Precinct name="Penn Hills Ward 8 Dist 5" votes="123" />
                <Precinct name="Penn Hills Ward 8 Dist 6" votes="60" />
                <Precinct name="Penn Hills Ward 9 Dist 1" votes="80" />
                <Precinct name="Penn Hills Ward 9 Dist 2" votes="72" />
                <Precinct name="Penn Hills Ward 9 Dist 3" votes="99" />
                <Precinct name="Penn Hills Ward 9 Dist 4" votes="71" />
                <Precinct name="Penn Hills Ward 9 Dist 5" votes="47" />
                <Precinct name="Plum Dist 1" votes="182" />
                <Precinct name="Plum Dist 2" votes="44" />
                <Precinct name="Plum Dist 3" votes="137" />
                <Precinct name="Plum Dist 7" votes="113" />
                <Precinct name="Plum Dist 17" votes="65" />
                <Precinct name="Plum Dist 18" votes="85" />
                <Precinct name="Plum Dist 19" votes="194" />
                <Precinct name="Plum Dist 20" votes="80" />
                <Precinct name="Plum Dist 21" votes="26" />
                <Precinct name="Verona Dist 1" votes="39" />
                <Precinct name="Verona Dist 2" votes="48" />
                <Precinct name="Verona Dist 3" votes="45" />
            </VoteType>
            <VoteType name="Provisional" votes="84">
                <Precinct name="Oakmont Dist 1" votes="3" />
                <Precinct name="Oakmont Dist 2" votes="2" />
                <Precinct name="Oakmont Dist 3" votes="3" />
                <Precinct name="Oakmont Dist 4" votes="0" />
                <Precinct name="Oakmont Dist 5" votes="2" />
                <Precinct name="Oakmont Dist 6" votes="0" />
                <Precinct name="Penn Hills Ward 1 Dist 1" votes="2" />
                <Precinct name="Penn Hills Ward 1 Dist 2" votes="0" />
                <Precinct name="Penn Hills Ward 1 Dist 3" votes="4" />
                <Precinct name="Penn Hills Ward 1 Dist 4" votes="0" />
                <Precinct name="Penn Hills Ward 1 Dist 5" votes="0" />
                <Precinct name="Penn Hills Ward 2 Dist 1" votes="5" />
                <Precinct name="Penn Hills Ward 2 Dist 2" votes="0" />
                <Precinct name="Penn Hills Ward 2 Dist 3" votes="2" />
                <Precinct name="Penn Hills Ward 2 Dist 4" votes="1" />
                <Precinct name="Penn Hills Ward 3 Dist 1" votes="0" />
                <Precinct name="Penn Hills Ward 3 Dist 2" votes="0" />
                <Precinct name="Penn Hills Ward 3 Dist 3" votes="3" />
                <Precinct name="Penn Hills Ward 3 Dist 4" votes="1" />
                <Precinct name="Penn Hills Ward 3 Dist 5" votes="0" />
                <Precinct name="Penn Hills Ward 3 Dist 6" votes="2" />
                <Precinct name="Penn Hills Ward 4 Dist 1" votes="2" />
                <Precinct name="Penn Hills Ward 4 Dist 2" votes="0" />
                <Precinct name="Penn Hills Ward 4 Dist 3" votes="1" />
                <Precinct name="Penn Hills Ward 4 Dist 4" votes="1" />
                <Precinct name="Penn Hills Ward 4 Dist 5" votes="1" />
                <Precinct name="Penn Hills Ward 5 Dist 1" votes="1" />
                <Precinct name="Penn Hills Ward 5 Dist 2" votes="0" />
                <Precinct name="Penn Hills Ward 5 Dist 3" votes="1" />
                <Precinct name="Penn Hills Ward 5 Dist 4" votes="0" />
                <Precinct name="Penn Hills Ward 5 Dist 5" votes="4" />
                <Precinct name="Penn Hills Ward 5 Dist 6" votes="2" />
                <Precinct name="Penn Hills Ward 6 Dist 1" votes="0" />
                <Precinct name="Penn Hills Ward 6 Dist 2" votes="4" />
                <Precinct name="Penn Hills Ward 6 Dist 3" votes="1" />
                <Precinct name="Penn Hills Ward 6 Dist 4" votes="1" />
                <Precinct name="Penn Hills Ward 6 Dist 5" votes="1" />
                <Precinct name="Penn Hills Ward 6 Dist 6" votes="1" />
                <Precinct name="Penn Hills Ward 7 Dist 1" votes="1" />
                <Precinct name="Penn Hills Ward 7 Dist 2" votes="2" />
                <Precinct name="Penn Hills Ward 7 Dist 3" votes="0" />
                <Precinct name="Penn Hills Ward 7 Dist 4" votes="2" />
                <Precinct name="Penn Hills Ward 7 Dist 5" votes="1" />
                <Precinct name="Penn Hills Ward 7 Dist 6" votes="0" />
                <Precinct name="Penn Hills Ward 7 Dist 7" votes="0" />
                <Precinct name="Penn Hills Ward 8 Dist 1" votes="1" />
                <Precinct name="Penn Hills Ward 8 Dist 2" votes="0" />
                <Precinct name="Penn Hills Ward 8 Dist 3" votes="1" />
                <Precinct name="Penn Hills Ward 8 Dist 4" votes="1" />
                <Precinct name="Penn Hills Ward 8 Dist 5" votes="1" />
                <Precinct name="Penn Hills Ward 8 Dist 6" votes="0" />
                <Precinct name="Penn Hills Ward 9 Dist 1" votes="1" />
                <Precinct name="Penn Hills Ward 9 Dist 2" votes="1" />
                <Precinct name="Penn Hills Ward 9 Dist 3" votes="2" />
                <Precinct name="Penn Hills Ward 9 Dist 4" votes="1" />
                <Precinct name="Penn Hills Ward 9 Dist 5" votes="2" />
                <Precinct name="Plum Dist 1" votes="0" />
                <Precinct name="Plum Dist 2" votes="1" />
                <Precinct name="Plum Dist 3" votes="7" />
                <Precinct name="Plum Dist 7" votes="2" />
                <Precinct name="Plum Dist 17" votes="1" />
                <Precinct name="Plum Dist 18" votes="1" />
                <Precinct name="Plum Dist 19" votes="0" />
                <Precinct name="Plum Dist 20" votes="1" />
                <Precinct name="Plum Dist 21" votes="0" />
                <Precinct name="Verona Dist 1" votes="1" />
                <Precinct name="Verona Dist 2" votes="0" />
                <Precinct name="Verona Dist 3" votes="2" />
            </VoteType>
        </Choice>
        <Choice key="002" text="REP Clay Walker" party="REP" totalVotes="3195">
            <VoteType name="Election Day" votes="2512">
                <Precinct name="Oakmont Dist 1" votes="75" />
                <Precinct name="Oakmont Dist 2" votes="84" />
                <Precinct name="Oakmont Dist 3" votes="52" />
                <Precinct name="Oakmont Dist 4" votes="60" />
                <Precinct name="Oakmont Dist 5" votes="36" />
                <Precinct name="Oakmont Dist 6" votes="85" />
                <Precinct name="Penn Hills Ward 1 Dist 1" votes="6" />
                <Precinct name="Penn Hills Ward 1 Dist 2" votes="7" />
                <Precinct name="Penn Hills Ward 1 Dist 3" votes="2" />
                <Precinct name="Penn Hills Ward 1 Dist 4" votes="0" />
                <Precinct name="Penn Hills Ward 1 Dist 5" votes="2" />
                <Precinct name="Penn Hills Ward 2 Dist 1" votes="7" />
                <Precinct name="Penn Hills Ward 2 Dist 2" votes="7" />
                <Precinct name="Penn Hills Ward 2 Dist 3" votes="14" />
                <Precinct name="Penn Hills Ward 2 Dist 4" votes="7" />
                <Precinct name="Penn Hills Ward 3 Dist 1" votes="45" />
                <Precinct name="Penn Hills Ward 3 Dist 2" votes="15" />
                <Precinct name="Penn Hills Ward 3 Dist 3" votes="16" />
                <Precinct name="Penn Hills Ward 3 Dist 4" votes="23" />
                <Precinct name="Penn Hills Ward 3 Dist 5" votes="11" />
                <Precinct name="Penn Hills Ward 3 Dist 6" votes="21" />
                <Precinct name="Penn Hills Ward 4 Dist 1" votes="31" />
                <Precinct name="Penn Hills Ward 4 Dist 2" votes="29" />
                <Precinct name="Penn Hills Ward 4 Dist 3" votes="31" />
                <Precinct name="Penn Hills Ward 4 Dist 4" votes="22" />
                <Precinct name="Penn Hills Ward 4 Dist 5" votes="26" />
                <Precinct name="Penn Hills Ward 5 Dist 1" votes="33" />
                <Precinct name="Penn Hills Ward 5 Dist 2" votes="23" />
                <Precinct name="Penn Hills Ward 5 Dist 3" votes="34" />
                <Precinct name="Penn Hills Ward 5 Dist 4" votes="24" />
                <Precinct name="Penn Hills Ward 5 Dist 5" votes="20" />
                <Precinct name="Penn Hills Ward 5 Dist 6" votes="33" />
                <Precinct name="Penn Hills Ward 6 Dist 1" votes="19" />
                <Precinct name="Penn Hills Ward 6 Dist 2" votes="26" />
                <Precinct name="Penn Hills Ward 6 Dist 3" votes="26" />
                <Precinct name="Penn Hills Ward 6 Dist 4" votes="6" />
                <Precinct name="Penn Hills Ward 6 Dist 5" votes="18" />
                <Precinct name="Penn Hills Ward 6 Dist 6" votes="33" />
                <Precinct name="Penn Hills Ward 7 Dist 1" votes="18" />
                <Precinct name="Penn Hills Ward 7 Dist 2" votes="42" />
                <Precinct name="Penn Hills Ward 7 Dist 3" votes="41" />
                <Precinct name="Penn Hills Ward 7 Dist 4" votes="28" />
                <Precinct name="Penn Hills Ward 7 Dist 5" votes="28" />
                <Precinct name="Penn Hills Ward 7 Dist 6" votes="26" />
                <Precinct name="Penn Hills Ward 7 Dist 7" votes="40" />
                <Precinct name="Penn Hills Ward 8 Dist 1" votes="42" />
                <Precinct name="Penn Hills Ward 8 Dist 2" votes="42" />
                <Precinct name="Penn Hills Ward 8 Dist 3" votes="48" />
                <Precinct name="Penn Hills Ward 8 Dist 4" votes="31" />
                <Precinct name="Penn Hills Ward 8 Dist 5" votes="57" />
                <Precinct name="Penn Hills Ward 8 Dist 6" votes="32" />
                <Precinct name="Penn Hills Ward 9 Dist 1" votes="31" />
                <Precinct name="Penn Hills Ward 9 Dist 2" votes="41" />
                <Precinct name="Penn Hills Ward 9 Dist 3" votes="66" />
                <Precinct name="Penn Hills Ward 9 Dist 4" votes="48" />
                <Precinct name="Penn Hills Ward 9 Dist 5" votes="7" />
                <Precinct name="Plum Dist 1" votes="110" />
                <Precinct name="Plum Dist 2" votes="48" />
                <Precinct name="Plum Dist 3" votes="64" />
                <Precinct name="Plum Dist 7" votes="88" />
                <Precinct name="Plum Dist 17" votes="58" />
                <Precinct name="Plum Dist 18" votes="71" />
                <Precinct name="Plum Dist 19" votes="166" />
                <Precinct name="Plum Dist 20" votes="98" />
                <Precinct name="Plum Dist 21" votes="49" />
                <Precinct name="Verona Dist 1" votes="14" />
                <Precinct name="Verona Dist 2" votes="32" />
                <Precinct name="Verona Dist 3" votes="37" />
            </VoteType>
            <VoteType name="Absentee" votes="674">
                <Precinct name="Oakmont Dist 1" votes="11" />
                <Precinct name="Oakmont Dist 2" votes="28" />
                <Precinct name="Oakmont Dist 3" votes="7" />
                <Precinct name="Oakmont Dist 4" votes="9" />
                <Precinct name="Oakmont Dist 5" votes="8" />
                <Precinct name="Oakmont Dist 6" votes="26" />
                <Precinct name="Penn Hills Ward 1 Dist 1" votes="2" />
                <Precinct name="Penn Hills Ward 1 Dist 2" votes="6" />
                <Precinct name="Penn Hills Ward 1 Dist 3" votes="1" />
                <Precinct name="Penn Hills Ward 1 Dist 4" votes="0" />
                <Precinct name="Penn Hills Ward 1 Dist 5" votes="1" />
                <Precinct name="Penn Hills Ward 2 Dist 1" votes="3" />
                <Precinct name="Penn Hills Ward 2 Dist 2" votes="4" />
                <Precinct name="Penn Hills Ward 2 Dist 3" votes="7" />
                <Precinct name="Penn Hills Ward 2 Dist 4" votes="7" />
                <Precinct name="Penn Hills Ward 3 Dist 1" votes="12" />
                <Precinct name="Penn Hills Ward 3 Dist 2" votes="3" />
                <Precinct name="Penn Hills Ward 3 Dist 3" votes="9" />
                <Precinct name="Penn Hills Ward 3 Dist 4" votes="6" />
                <Precinct name="Penn Hills Ward 3 Dist 5" votes="4" />
                <Precinct name="Penn Hills Ward 3 Dist 6" votes="5" />
                <Precinct name="Penn Hills Ward 4 Dist 1" votes="6" />
                <Precinct name="Penn Hills Ward 4 Dist 2" votes="5" />
                <Precinct name="Penn Hills Ward 4 Dist 3" votes="8" />
                <Precinct name="Penn Hills Ward 4 Dist 4" votes="18" />
                <Precinct name="Penn Hills Ward 4 Dist 5" votes="4" />
                <Precinct name="Penn Hills Ward 5 Dist 1" votes="2" />
                <Precinct name="Penn Hills Ward 5 Dist 2" votes="3" />
                <Precinct name="Penn Hills Ward 5 Dist 3" votes="13" />
                <Precinct name="Penn Hills Ward 5 Dist 4" votes="8" />
                <Precinct name="Penn Hills Ward 5 Dist 5" votes="4" />
                <Precinct name="Penn Hills Ward 5 Dist 6" votes="10" />
                <Precinct name="Penn Hills Ward 6 Dist 1" votes="8" />
                <Precinct name="Penn Hills Ward 6 Dist 2" votes="8" />
                <Precinct name="Penn Hills Ward 6 Dist 3" votes="6" />
                <Precinct name="Penn Hills Ward 6 Dist 4" votes="3" />
                <Precinct name="Penn Hills Ward 6 Dist 5" votes="11" />
                <Precinct name="Penn Hills Ward 6 Dist 6" votes="8" />
                <Precinct name="Penn Hills Ward 7 Dist 1" votes="5" />
                <Precinct name="Penn Hills Ward 7 Dist 2" votes="12" />
                <Precinct name="Penn Hills Ward 7 Dist 3" votes="8" />
                <Precinct name="Penn Hills Ward 7 Dist 4" votes="7" />
                <Precinct name="Penn Hills Ward 7 Dist 5" votes="10" />
                <Precinct name="Penn Hills Ward 7 Dist 6" votes="1" />
                <Precinct name="Penn Hills Ward 7 Dist 7" votes="12" />
                <Precinct name="Penn Hills Ward 8 Dist 1" votes="15" />
                <Precinct name="Penn Hills Ward 8 Dist 2" votes="4" />
                <Precinct name="Penn Hills Ward 8 Dist 3" votes="15" />
                <Precinct name="Penn Hills Ward 8 Dist 4" votes="14" />
                <Precinct name="Penn Hills Ward 8 Dist 5" votes="24" />
                <Precinct name="Penn Hills Ward 8 Dist 6" votes="8" />
                <Precinct name="Penn Hills Ward 9 Dist 1" votes="6" />
                <Precinct name="Penn Hills Ward 9 Dist 2" votes="14" />
                <Precinct name="Penn Hills Ward 9 Dist 3" votes="11" />
                <Precinct name="Penn Hills Ward 9 Dist 4" votes="14" />
                <Precinct name="Penn Hills Ward 9 Dist 5" votes="1" />
                <Precinct name="Plum Dist 1" votes="43" />
                <Precinct name="Plum Dist 2" votes="13" />
                <Precinct name="Plum Dist 3" votes="31" />
                <Precinct name="Plum Dist 7" votes="27" />
                <Precinct name="Plum Dist 17" votes="5" />
                <Precinct name="Plum Dist 18" votes="20" />
                <Precinct name="Plum Dist 19" votes="28" />
                <Precinct name="Plum Dist 20" votes="19" />
                <Precinct name="Plum Dist 21" votes="11" />
                <Precinct name="Verona Dist 1" votes="2" />
                <Precinct name="Verona Dist 2" votes="2" />
                <Precinct name="Verona Dist 3" votes="8" />
            </VoteType>
            <VoteType name="Provisional" votes="9">
                <Precinct name="Oakmont Dist 1" votes="0" />
                <Precinct name="Oakmont Dist 2" votes="0" />
                <Precinct name="Oakmont Dist 3" votes="0" />
                <Precinct name="Oakmont Dist 4" votes="1" />
                <Precinct name="Oakmont Dist 5" votes="0" />
                <Precinct name="Oakmont Dist 6" votes="0" />
                <Precinct name="Penn Hills Ward 1 Dist 1" votes="0" />
                <Precinct name="Penn Hills Ward 1 Dist 2" votes="0" />
                <Precinct name="Penn Hills Ward 1 Dist 3" votes="0" />
                <Precinct name="Penn Hills Ward 1 Dist 4" votes="0" />
                <Precinct name="Penn Hills Ward 1 Dist 5" votes="0" />
                <Precinct name="Penn Hills Ward 2 Dist 1" votes="0" />
                <Precinct name="Penn Hills Ward 2 Dist 2" votes="0" />
                <Precinct name="Penn Hills Ward 2 Dist 3" votes="0" />
                <Precinct name="Penn Hills Ward 2 Dist 4" votes="0" />
                <Precinct name="Penn Hills Ward 3 Dist 1" votes="0" />
                <Precinct name="Penn Hills Ward 3 Dist 2" votes="1" />
                <Precinct name="Penn Hills Ward 3 Dist 3" votes="0" />
                <Precinct name="Penn Hills Ward 3 Dist 4" votes="0" />
                <Precinct name="Penn Hills Ward 3 Dist 5" votes="0" />
                <Precinct name="Penn Hills Ward 3 Dist 6" votes="0" />
                <Precinct name="Penn Hills Ward 4 Dist 1" votes="0" />
                <Precinct name="Penn Hills Ward 4 Dist 2" votes="0" />
                <Precinct name="Penn Hills Ward 4 Dist 3" votes="0" />
                <Precinct name="Penn Hills Ward 4 Dist 4" votes="0" />
                <Precinct name="Penn Hills Ward 4 Dist 5" votes="0" />
                <Precinct name="Penn Hills Ward 5 Dist 1" votes="0" />
                <Precinct name="Penn Hills Ward 5 Dist 2" votes="0" />
                <Precinct name="Penn Hills Ward 5 Dist 3" votes="1" />
                <Precinct name="Penn Hills Ward 5 Dist 4" votes="0" />
                <Precinct name="Penn Hills Ward 5 Dist 5" votes="0" />
                <Precinct name="Penn Hills Ward 5 Dist 6" votes="0" />
                <Precinct name="Penn Hills Ward 6 Dist 1" votes="0" />
                <Precinct name="Penn Hills Ward 6 Dist 2" votes="0" />
                <Precinct name="Penn Hills Ward 6 Dist 3" votes="0" />
                <Precinct name="Penn Hills Ward 6 Dist 4" votes="1" />
                <Precinct name="Penn Hills Ward 6 Dist 5" votes="0" />
                <Precinct name="Penn Hills Ward 6 Dist 6" votes="1" />
                <Precinct name="Penn Hills Ward 7 Dist 1" votes="0" />
                <Precinct name="Penn Hills Ward 7 Dist 2" votes="0" />
                <Precinct name="Penn Hills Ward 7 Dist 3" votes="1" />
                <Precinct name="Penn Hills Ward 7 Dist 4" votes="0" />
                <Precinct name="Penn Hills Ward 7 Dist 5" votes="0" />
                <Precinct name="Penn Hills Ward 7 Dist 6" votes="0" />
                <Precinct name="Penn Hills Ward 7 Dist 7" votes="0" />
                <Precinct name="Penn Hills Ward 8 Dist 1" votes="0" />
                <Precinct name="Penn Hills Ward 8 Dist 2" votes="0" />
                <Precinct name="Penn Hills Ward 8 Dist 3" votes="0" />
                <Precinct name="Penn Hills Ward 8 Dist 4" votes="0" />
                <Precinct name="Penn Hills Ward 8 Dist 5" votes="0" />
                <Precinct name="Penn Hills Ward 8 Dist 6" votes="0" />
                <Precinct name="Penn Hills Ward 9 Dist 1" votes="0" />
                <Precinct name="Penn Hills Ward 9 Dist 2" votes="0" />
                <Precinct name="Penn Hills Ward 9 Dist 3" votes="1" />
                <Precinct name="Penn Hills Ward 9 Dist 4" votes="0" />
                <Precinct name="Penn Hills Ward 9 Dist 5" votes="0" />
                <Precinct name="Plum Dist 1" votes="0" />
                <Precinct name="Plum Dist 2" votes="0" />
                <Precinct name="Plum Dist 3" votes="1" />
                <Precinct name="Plum Dist 7" votes="1" />
                <Precinct name="Plum Dist 17" votes="0" />
                <Precinct name="Plum Dist 18" votes="0" />
                <Precinct name="Plum Dist 19" votes="0" />
                <Precinct name="Plum Dist 20" votes="0" />
                <Precinct name="Plum Dist 21" votes="0" />
                <Precinct name="Verona Dist 1" votes="0" />
                <Precinct name="Verona Dist 2" votes="0" />
                <Precinct name="Verona Dist 3" votes="0" />
            </VoteType>
        </Choice>
        <Choice key="004" text="Write-in" party="NON" totalVotes="68">
            <VoteType name="Election Day" votes="42">
                <Precinct name="Oakmont Dist 1" votes="0" />
                <Precinct name="Oakmont Dist 2" votes="1" />
                <Precinct name="Oakmont Dist 3" votes="0" />
                <Precinct name="Oakmont Dist 4" votes="0" />
                <Precinct name="Oakmont Dist 5" votes="0" />
                <Precinct name="Oakmont Dist 6" votes="1" />
                <Precinct name="Penn Hills Ward 1 Dist 1" votes="0" />
                <Precinct name="Penn Hills Ward 1 Dist 2" votes="0" />
                <Precinct name="Penn Hills Ward 1 Dist 3" votes="0" />
                <Precinct name="Penn Hills Ward 1 Dist 4" votes="0" />
                <Precinct name="Penn Hills Ward 1 Dist 5" votes="1" />
                <Precinct name="Penn Hills Ward 2 Dist 1" votes="1" />
                <Precinct name="Penn Hills Ward 2 Dist 2" votes="2" />
                <Precinct name="Penn Hills Ward 2 Dist 3" votes="1" />
                <Precinct name="Penn Hills Ward 2 Dist 4" votes="2" />
                <Precinct name="Penn Hills Ward 3 Dist 1" votes="0" />
                <Precinct name="Penn Hills Ward 3 Dist 2" votes="2" />
                <Precinct name="Penn Hills Ward 3 Dist 3" votes="0" />
                <Precinct name="Penn Hills Ward 3 Dist 4" votes="0" />
                <Precinct name="Penn Hills Ward 3 Dist 5" votes="0" />
                <Precinct name="Penn Hills Ward 3 Dist 6" votes="1" />
                <Precinct name="Penn Hills Ward 4 Dist 1" votes="1" />
                <Precinct name="Penn Hills Ward 4 Dist 2" votes="2" />
                <Precinct name="Penn Hills Ward 4 Dist 3" votes="0" />
                <Precinct name="Penn Hills Ward 4 Dist 4" votes="1" />
                <Precinct name="Penn Hills Ward 4 Dist 5" votes="0" />
                <Precinct name="Penn Hills Ward 5 Dist 1" votes="0" />
                <Precinct name="Penn Hills Ward 5 Dist 2" votes="0" />
                <Precinct name="Penn Hills Ward 5 Dist 3" votes="1" />
                <Precinct name="Penn Hills Ward 5 Dist 4" votes="3" />
                <Precinct name="Penn Hills Ward 5 Dist 5" votes="0" />
                <Precinct name="Penn Hills Ward 5 Dist 6" votes="0" />
                <Precinct name="Penn Hills Ward 6 Dist 1" votes="1" />
                <Precinct name="Penn Hills Ward 6 Dist 2" votes="0" />
                <Precinct name="Penn Hills Ward 6 Dist 3" votes="1" />
                <Precinct name="Penn Hills Ward 6 Dist 4" votes="0" />
                <Precinct name="Penn Hills Ward 6 Dist 5" votes="1" />
                <Precinct name="Penn Hills Ward 6 Dist 6" votes="0" />
                <Precinct name="Penn Hills Ward 7 Dist 1" votes="1" />
                <Precinct name="Penn Hills Ward 7 Dist 2" votes="1" />
                <Precinct name="Penn Hills Ward 7 Dist 3" votes="0" />
                <Precinct name="Penn Hills Ward 7 Dist 4" votes="0" />
                <Precinct name="Penn Hills Ward 7 Dist 5" votes="0" />
                <Precinct name="Penn Hills Ward 7 Dist 6" votes="1" />
                <Precinct name="Penn Hills Ward 7 Dist 7" votes="0" />
                <Precinct name="Penn Hills Ward 8 Dist 1" votes="1" />
                <Precinct name="Penn Hills Ward 8 Dist 2" votes="1" />
                <Precinct name="Penn Hills Ward 8 Dist 3" votes="1" />
                <Precinct name="Penn Hills Ward 8 Dist 4" votes="0" />
                <Precinct name="Penn Hills Ward 8 Dist 5" votes="1" />
                <Precinct name="Penn Hills Ward 8 Dist 6" votes="2" />
                <Precinct name="Penn Hills Ward 9 Dist 1" votes="0" />
                <Precinct name="Penn Hills Ward 9 Dist 2" votes="1" />
                <Precinct name="Penn Hills Ward 9 Dist 3" votes="1" />
                <Precinct name="Penn Hills Ward 9 Dist 4" votes="0" />
                <Precinct name="Penn Hills Ward 9 Dist 5" votes="1" />
                <Precinct name="Plum Dist 1" votes="0" />
                <Precinct name="Plum Dist 2" votes="1" />
                <Precinct name="Plum Dist 3" votes="0" />
                <Precinct name="Plum Dist 7" votes="0" />
                <Precinct name="Plum Dist 17" votes="0" />
                <Precinct name="Plum Dist 18" votes="1" />
                <Precinct name="Plum Dist 19" votes="2" />
                <Precinct name="Plum Dist 20" votes="0" />
                <Precinct name="Plum Dist 21" votes="0" />
                <Precinct name="Verona Dist 1" votes="1" />
                <Precinct name="Verona Dist 2" votes="1" />
                <Precinct name="Verona Dist 3" votes="1" />
            </VoteType>
            <VoteType name="Absentee" votes="22">
                <Precinct name="Oakmont Dist 1" votes="0" />
                <Precinct name="Oakmont Dist 2" votes="0" />
                <Precinct name="Oakmont Dist 3" votes="1" />
                <Precinct name="Oakmont Dist 4" votes="0" />
                <Precinct name="Oakmont Dist 5" votes="1" />
                <Precinct name="Oakmont Dist 6" votes="1" />
                <Precinct name="Penn Hills Ward 1 Dist 1" votes="0" />
                <Precinct name="Penn Hills Ward 1 Dist 2" votes="0" />
                <Precinct name="Penn Hills Ward 1 Dist 3" votes="0" />
                <Precinct name="Penn Hills Ward 1 Dist 4" votes="0" />
                <Precinct name="Penn Hills Ward 1 Dist 5" votes="1" />
                <Precinct name="Penn Hills Ward 2 Dist 1" votes="1" />
                <Precinct name="Penn Hills Ward 2 Dist 2" votes="1" />
                <Precinct name="Penn Hills Ward 2 Dist 3" votes="1" />
                <Precinct name="Penn Hills Ward 2 Dist 4" votes="1" />
                <Precinct name="Penn Hills Ward 3 Dist 1" votes="2" />
                <Precinct name="Penn Hills Ward 3 Dist 2" votes="1" />
                <Precinct name="Penn Hills Ward 3 Dist 3" votes="0" />
                <Precinct name="Penn Hills Ward 3 Dist 4" votes="0" />
                <Precinct name="Penn Hills Ward 3 Dist 5" votes="0" />
                <Precinct name="Penn Hills Ward 3 Dist 6" votes="0" />
                <Precinct name="Penn Hills Ward 4 Dist 1" votes="0" />
                <Precinct name="Penn Hills Ward 4 Dist 2" votes="0" />
                <Precinct name="Penn Hills Ward 4 Dist 3" votes="0" />
                <Precinct name="Penn Hills Ward 4 Dist 4" votes="0" />
                <Precinct name="Penn Hills Ward 4 Dist 5" votes="0" />
                <Precinct name="Penn Hills Ward 5 Dist 1" votes="0" />
                <Precinct name="Penn Hills Ward 5 Dist 2" votes="0" />
                <Precinct name="Penn Hills Ward 5 Dist 3" votes="0" />
                <Precinct name="Penn Hills Ward 5 Dist 4" votes="0" />
                <Precinct name="Penn Hills Ward 5 Dist 5" votes="1" />
                <Precinct name="Penn Hills Ward 5 Dist 6" votes="0" />
                <Precinct name="Penn Hills Ward 6 Dist 1" votes="0" />
                <Precinct name="Penn Hills Ward 6 Dist 2" votes="0" />
                <Precinct name="Penn Hills Ward 6 Dist 3" votes="0" />
                <Precinct name="Penn Hills Ward 6 Dist 4" votes="0" />
                <Precinct name="Penn Hills Ward 6 Dist 5" votes="0" />
                <Precinct name="Penn Hills Ward 6 Dist 6" votes="1" />
                <Precinct name="Penn Hills Ward 7 Dist 1" votes="0" />
                <Precinct name="Penn Hills Ward 7 Dist 2" votes="0" />
                <Precinct name="Penn Hills Ward 7 Dist 3" votes="0" />
                <Precinct name="Penn Hills Ward 7 Dist 4" votes="1" />
                <Precinct name="Penn Hills Ward 7 Dist 5" votes="0" />
                <Precinct name="Penn Hills Ward 7 Dist 6" votes="0" />
                <Precinct name="Penn Hills Ward 7 Dist 7" votes="0" />
                <Precinct name="Penn Hills Ward 8 Dist 1" votes="1" />
                <Precinct name="Penn Hills Ward 8 Dist 2" votes="1" />
                <Precinct name="Penn Hills Ward 8 Dist 3" votes="3" />
                <Precinct name="Penn Hills Ward 8 Dist 4" votes="0" />
                <Precinct name="Penn Hills Ward 8 Dist 5" votes="0" />
                <Precinct name="Penn Hills Ward 8 Dist 6" votes="1" />
                <Precinct name="Penn Hills Ward 9 Dist 1" votes="0" />
                <Precinct name="Penn Hills Ward 9 Dist 2" votes="1" />
                <Precinct name="Penn Hills Ward 9 Dist 3" votes="0" />
                <Precinct name="Penn Hills Ward 9 Dist 4" votes="0" />
                <Precinct name="Penn Hills Ward 9 Dist 5" votes="0" />
                <Precinct name="Plum Dist 1" votes="0" />
                <Precinct name="Plum Dist 2" votes="0" />
                <Precinct name="Plum Dist 3" votes="0" />
                <Precinct name="Plum Dist 7" votes="0" />
                <Precinct name="Plum Dist 17" votes="0" />
                <Precinct name="Plum Dist 18" votes="0" />
                <Precinct name="Plum Dist 19" votes="1" />
                <Precinct name="Plum Dist 20" votes="0" />
                <Precinct name="Plum Dist 21" votes="0" />
                <Precinct name="Verona Dist 1" votes="0" />
                <Precinct name="Verona Dist 2" votes="0" />
                <Precinct name="Verona Dist 3" votes="0" />
            </VoteType>
            <VoteType name="Provisional" votes="4">
                <Precinct name="Oakmont Dist 1" votes="0" />
                <Precinct name="Oakmont Dist 2" votes="0" />
                <Precinct name="Oakmont Dist 3" votes="0" />
                <Precinct name="Oakmont Dist 4" votes="0" />
                <Precinct name="Oakmont Dist 5" votes="0" />
                <Precinct name="Oakmont Dist 6" votes="0" />
                <Precinct name="Penn Hills Ward 1 Dist 1" votes="0" />
                <Precinct name="Penn Hills Ward 1 Dist 2" votes="0" />
                <Precinct name="Penn Hills Ward 1 Dist 3" votes="0" />
                <Precinct name="Penn Hills Ward 1 Dist 4" votes="0" />
                <Precinct name="Penn Hills Ward 1 Dist 5" votes="0" />
                <Precinct name="Penn Hills Ward 2 Dist 1" votes="0" />
                <Precinct name="Penn Hills Ward 2 Dist 2" votes="0" />
                <Precinct name="Penn Hills Ward 2 Dist 3" votes="0" />
                <Precinct name="Penn Hills Ward 2 Dist 4" votes="0" />
                <Precinct name="Penn Hills Ward 3 Dist 1" votes="1" />
                <Precinct name="Penn Hills Ward 3 Dist 2" votes="0" />
                <Precinct name="Penn Hills Ward 3 Dist 3" votes="0" />
                <Precinct name="Penn Hills Ward 3 Dist 4" votes="0" />
                <Precinct name="Penn Hills Ward 3 Dist 5" votes="0" />
                <Precinct name="Penn Hills Ward 3 Dist 6" votes="0" />
                <Precinct name="Penn Hills Ward 4 Dist 1" votes="0" />
                <Precinct name="Penn Hills Ward 4 Dist 2" votes="0" />
                <Precinct name="Penn Hills Ward 4 Dist 3" votes="0" />
                <Precinct name="Penn Hills Ward 4 Dist 4" votes="1" />
                <Precinct name="Penn Hills Ward 4 Dist 5" votes="0" />
                <Precinct name="Penn Hills Ward 5 Dist 1" votes="0" />
                <Precinct name="Penn Hills Ward 5 Dist 2" votes="0" />
                <Precinct name="Penn Hills Ward 5 Dist 3" votes="0" />
                <Precinct name="Penn Hills Ward 5 Dist 4" votes="0" />
                <Precinct name="Penn Hills Ward 5 Dist 5" votes="0" />
                <Precinct name="Penn Hills Ward 5 Dist 6" votes="0" />
                <Precinct name="Penn Hills Ward 6 Dist 1" votes="0" />
                <Precinct name="Penn Hills Ward 6 Dist 2" votes="0" />
                <Precinct name="Penn Hills Ward 6 Dist 3" votes="0" />
                <Precinct name="Penn Hills Ward 6 Dist 4" votes="0" />
                <Precinct name="Penn Hills Ward 6 Dist 5" votes="0" />
                <Precinct name="Penn Hills Ward 6 Dist 6" votes="0" />
                <Precinct name="Penn Hills Ward 7 Dist 1" votes="0" />
                <Precinct name="Penn Hills Ward 7 Dist 2" votes="0" />
                <Precinct name="Penn Hills Ward 7 Dist 3" votes="0" />
                <Precinct name="Penn Hills Ward 7 Dist 4" votes="0" />
                <Precinct name="Penn Hills Ward 7 Dist 5" votes="2" />
                <Precinct name="Penn Hills Ward 7 Dist 6" votes="0" />
                <Precinct name="Penn Hills Ward 7 Dist 7" votes="0" />
                <Precinct name="Penn Hills Ward 8 Dist 1" votes="0" />
                <Precinct name="Penn Hills Ward 8 Dist 2" votes="0" />
                <Precinct name="Penn Hills Ward 8 Dist 3" votes="0" />
                <Precinct name="Penn Hills Ward 8 Dist 4" votes="0" />
                <Precinct name="Penn Hills Ward 8 Dist 5" votes="0" />
                <Precinct name="Penn Hills Ward 8 Dist 6" votes="0" />
                <Precinct name="Penn Hills Ward 9 Dist 1" votes="0" />
                <Precinct name="Penn Hills Ward 9 Dist 2" votes="0" />
                <Precinct name="Penn Hills Ward 9 Dist 3" votes="0" />
                <Precinct name="Penn Hills Ward 9 Dist 4" votes="0" />
                <Precinct name="Penn Hills Ward 9 Dist 5" votes="0" />
                <Precinct name="Plum Dist 1" votes="0" />
                <Precinct name="Plum Dist 2" votes="0" />
                <Precinct name="Plum Dist 3" votes="0" />
                <Precinct name="Plum Dist 7" votes="0" />
                <Precinct name="Plum Dist 17" votes="0" />
                <Precinct name="Plum Dist 18" votes="0" />
                <Precinct name="Plum Dist 19" votes="0" />
                <Precinct name="Plum Dist 20" votes="0" />
                <Precinct name="Plum Dist 21" votes="0" />
                <Precinct name="Verona Dist 1" votes="0" />
                <Precinct name="Verona Dist 2" votes="0" />
                <Precinct name="Verona Dist 3" votes="0" />
            </VoteType>
        </Choice>
    </Contest>
</ElectionResult>