<?xml version="1.0"?>
<!--Election result snapshot imported from Tabulation System
-->
<ElectionResult>
    <Timestamp>2/21/2023 10:03:37 AM EST</Timestamp>
    <ElectionName>2023 Special Election - PA 35th District</ElectionName>
    <ElectionDate>1/17/2023</ElectionDate>
    <Region>Allegheny</Region>
    <VoterTurnout totalVoters="42646" ballotsCast="9240" voterTurnout="21.67">
        <Precincts>
            <Precinct name="Clairton Ward 1 Dist 1" totalVoters="334" ballotsCast="62" voterTurnout="18.56" percentReporting="4" />
            <Precinct name="Clairton Ward 1 Dist 2" totalVoters="384" ballotsCast="72" voterTurnout="18.75" percentReporting="4" />
            <Precinct name="Clairton Ward 1 Dist 3" totalVoters="308" ballotsCast="68" voterTurnout="22.08" percentReporting="4" />
            <Precinct name="Clairton Ward 2 Dist 1" totalVoters="101" ballotsCast="22" voterTurnout="21.78" percentReporting="4" />
            <Precinct name="Clairton Ward 2 Dist 2" totalVoters="273" ballotsCast="54" voterTurnout="19.78" percentReporting="4" />
            <Precinct name="Clairton Ward 2 Dist 3" totalVoters="404" ballotsCast="63" voterTurnout="15.59" percentReporting="4" />
            <Precinct name="Clairton Ward 3 Dist 1" totalVoters="402" ballotsCast="86" voterTurnout="21.39" percentReporting="4" />
            <Precinct name="Clairton Ward 3 Dist 2" totalVoters="325" ballotsCast="59" voterTurnout="18.15" percentReporting="4" />
            <Precinct name="Clairton Ward 3 Dist 3" totalVoters="342" ballotsCast="50" voterTurnout="14.62" percentReporting="4" />
            <Precinct name="Clairton Ward 4 Dist 1" totalVoters="345" ballotsCast="71" voterTurnout="20.58" percentReporting="4" />
            <Precinct name="Clairton Ward 4 Dist 2" totalVoters="314" ballotsCast="61" voterTurnout="19.43" percentReporting="4" />
            <Precinct name="Clairton Ward 4 Dist 3" totalVoters="415" ballotsCast="100" voterTurnout="24.10" percentReporting="4" />
            <Precinct name="Duquesne Ward 1 Dist 1" totalVoters="409" ballotsCast="105" voterTurnout="25.67" percentReporting="4" />
            <Precinct name="Duquesne Ward 1 Dist 2" totalVoters="463" ballotsCast="60" voterTurnout="12.96" percentReporting="4" />
            <Precinct name="Duquesne Ward 1 Dist 3" totalVoters="269" ballotsCast="39" voterTurnout="14.50" percentReporting="4" />
            <Precinct name="Duquesne Ward 1 Dist 4" totalVoters="188" ballotsCast="14" voterTurnout="7.45" percentReporting="4" />
            <Precinct name="Duquesne Ward 2 Dist 1" totalVoters="294" ballotsCast="64" voterTurnout="21.77" percentReporting="4" />
            <Precinct name="Duquesne Ward 2 Dist 2" totalVoters="351" ballotsCast="52" voterTurnout="14.81" percentReporting="4" />
            <Precinct name="Duquesne Ward 2 Dist 3" totalVoters="421" ballotsCast="67" voterTurnout="15.91" percentReporting="4" />
            <Precinct name="Duquesne Ward 3 Dist 1" totalVoters="222" ballotsCast="31" voterTurnout="13.96" percentReporting="4" />
            <Precinct name="Duquesne Ward 3 Dist 2" totalVoters="146" ballotsCast="14" voterTurnout="9.59" percentReporting="4" />
            <Precinct name="Duquesne Ward 3 Dist 3" totalVoters="530" ballotsCast="90" voterTurnout="16.98" percentReporting="4" />
            <Precinct name="Homestead Ward 1 Dist 1" totalVoters="499" ballotsCast="89" voterTurnout="17.84" percentReporting="4" />
            <Precinct name="Homestead Ward 1 Dist 2" totalVoters="327" ballotsCast="42" voterTurnout="12.84" percentReporting="4" />
            <Precinct name="Homestead Ward 2 Dist 1" totalVoters="414" ballotsCast="50" voterTurnout="12.08" percentReporting="4" />
            <Precinct name="Homestead Ward 2 Dist 2" totalVoters="272" ballotsCast="46" voterTurnout="16.91" percentReporting="4" />
            <Precinct name="Homestead Ward 3 Dist 1" totalVoters="408" ballotsCast="47" voterTurnout="11.52" percentReporting="4" />
            <Precinct name="Homestead Ward 3 Dist 2" totalVoters="243" ballotsCast="34" voterTurnout="13.99" percentReporting="4" />
            <Precinct name="Liberty Dist 1" totalVoters="837" ballotsCast="189" voterTurnout="22.58" percentReporting="4" />
            <Precinct name="Liberty Dist 2" totalVoters="755" ballotsCast="171" voterTurnout="22.65" percentReporting="4" />
            <Precinct name="Lincoln" totalVoters="650" ballotsCast="173" voterTurnout="26.62" percentReporting="4" />
            <Precinct name="McKeesport Ward 2" totalVoters="198" ballotsCast="22" voterTurnout="11.11" percentReporting="4" />
            <Precinct name="McKeesport Ward 3 Dist 1" totalVoters="272" ballotsCast="30" voterTurnout="11.03" percentReporting="4" />
            <Precinct name="McKeesport Ward 3 Dist 2" totalVoters="100" ballotsCast="16" voterTurnout="16.00" percentReporting="4" />
            <Precinct name="McKeesport Ward 4" totalVoters="270" ballotsCast="25" voterTurnout="9.26" percentReporting="4" />
            <Precinct name="McKeesport Ward 5" totalVoters="418" ballotsCast="73" voterTurnout="17.46" percentReporting="4" />
            <Precinct name="McKeesport Ward 6 Dist 1" totalVoters="321" ballotsCast="29" voterTurnout="9.03" percentReporting="4" />
            <Precinct name="McKeesport Ward 6 Dist 2" totalVoters="259" ballotsCast="48" voterTurnout="18.53" percentReporting="4" />
            <Precinct name="McKeesport Ward 7 Dist 1" totalVoters="414" ballotsCast="87" voterTurnout="21.01" percentReporting="4" />
            <Precinct name="McKeesport Ward 7 Dist 2" totalVoters="253" ballotsCast="54" voterTurnout="21.34" percentReporting="4" />
            <Precinct name="McKeesport Ward 7 Dist 3" totalVoters="295" ballotsCast="45" voterTurnout="15.25" percentReporting="4" />
            <Precinct name="McKeesport Ward 7 Dist 4" totalVoters="389" ballotsCast="55" voterTurnout="14.14" percentReporting="4" />
            <Precinct name="McKeesport Ward 7 Dist 5" totalVoters="491" ballotsCast="61" voterTurnout="12.42" percentReporting="4" />
            <Precinct name="McKeesport Ward 7 Dist 6" totalVoters="420" ballotsCast="57" voterTurnout="13.57" percentReporting="4" />
            <Precinct name="McKeesport Ward 7 Dist 7" totalVoters="320" ballotsCast="46" voterTurnout="14.38" percentReporting="4" />
            <Precinct name="McKeesport Ward 8 Dist 1" totalVoters="252" ballotsCast="58" voterTurnout="23.02" percentReporting="4" />
            <Precinct name="McKeesport Ward 8 Dist 2" totalVoters="500" ballotsCast="130" voterTurnout="26.00" percentReporting="4" />
            <Precinct name="McKeesport Ward 8 Dist 3" totalVoters="478" ballotsCast="75" voterTurnout="15.69" percentReporting="4" />
            <Precinct name="McKeesport Ward 8 Dist 4" totalVoters="434" ballotsCast="97" voterTurnout="22.35" percentReporting="4" />
            <Precinct name="McKeesport Ward 8 Dist 5" totalVoters="490" ballotsCast="64" voterTurnout="13.06" percentReporting="4" />
            <Precinct name="McKeesport Ward 8 Dist 6" totalVoters="192" ballotsCast="45" voterTurnout="23.44" percentReporting="4" />
            <Precinct name="McKeesport Ward 9 Dist 1" totalVoters="454" ballotsCast="79" voterTurnout="17.40" percentReporting="4" />
            <Precinct name="McKeesport Ward 9 Dist 2" totalVoters="532" ballotsCast="103" voterTurnout="19.36" percentReporting="4" />
            <Precinct name="McKeesport Ward 9 Dist 3" totalVoters="371" ballotsCast="76" voterTurnout="20.49" percentReporting="4" />
            <Precinct name="McKeesport Ward 10 Dist 1" totalVoters="269" ballotsCast="35" voterTurnout="13.01" percentReporting="4" />
            <Precinct name="McKeesport Ward 10 Dist 2" totalVoters="306" ballotsCast="74" voterTurnout="24.18" percentReporting="4" />
            <Precinct name="McKeesport Ward 11 Dist 1" totalVoters="401" ballotsCast="95" voterTurnout="23.69" percentReporting="4" />
            <Precinct name="McKeesport Ward 11 Dist 2" totalVoters="355" ballotsCast="71" voterTurnout="20.00" percentReporting="4" />
            <Precinct name="McKeesport Ward 11 Dist 3" totalVoters="257" ballotsCast="75" voterTurnout="29.18" percentReporting="4" />
            <Precinct name="McKeesport Ward 12 Dist 1" totalVoters="308" ballotsCast="72" voterTurnout="23.38" percentReporting="4" />
            <Precinct name="McKeesport Ward 12 Dist 2" totalVoters="353" ballotsCast="96" voterTurnout="27.20" percentReporting="4" />
            <Precinct name="McKeesport Ward 12 Dist 3" totalVoters="546" ballotsCast="220" voterTurnout="40.29" percentReporting="4" />
            <Precinct name="Munhall Dist 1" totalVoters="427" ballotsCast="61" voterTurnout="14.29" percentReporting="4" />
            <Precinct name="Munhall Dist 2" totalVoters="464" ballotsCast="77" voterTurnout="16.59" percentReporting="4" />
            <Precinct name="Munhall Dist 3" totalVoters="486" ballotsCast="80" voterTurnout="16.46" percentReporting="4" />
            <Precinct name="Munhall Dist 4" totalVoters="401" ballotsCast="89" voterTurnout="22.19" percentReporting="4" />
            <Precinct name="Munhall Dist 5" totalVoters="710" ballotsCast="154" voterTurnout="21.69" percentReporting="4" />
            <Precinct name="Munhall Dist 6" totalVoters="695" ballotsCast="154" voterTurnout="22.16" percentReporting="4" />
            <Precinct name="Munhall Dist 7" totalVoters="1108" ballotsCast="280" voterTurnout="25.27" percentReporting="4" />
            <Precinct name="Munhall Dist 8" totalVoters="624" ballotsCast="171" voterTurnout="27.40" percentReporting="4" />
            <Precinct name="Munhall Dist 9" totalVoters="681" ballotsCast="165" voterTurnout="24.23" percentReporting="4" />
            <Precinct name="Munhall Dist 10" totalVoters="505" ballotsCast="123" voterTurnout="24.36" percentReporting="4" />
            <Precinct name="Munhall Dist 11" totalVoters="916" ballotsCast="255" voterTurnout="27.84" percentReporting="4" />
            <Precinct name="Munhall Dist 12" totalVoters="549" ballotsCast="169" voterTurnout="30.78" percentReporting="4" />
            <Precinct name="Port Vue Dist 1" totalVoters="543" ballotsCast="103" voterTurnout="18.97" percentReporting="4" />
            <Precinct name="Port Vue Dist 2" totalVoters="500" ballotsCast="104" voterTurnout="20.80" percentReporting="4" />
            <Precinct name="Port Vue Dist 3" totalVoters="495" ballotsCast="128" voterTurnout="25.86" percentReporting="4" />
            <Precinct name="Port Vue Dist 4" totalVoters="672" ballotsCast="156" voterTurnout="23.21" percentReporting="4" />
            <Precinct name="S Versailles" totalVoters="213" ballotsCast="53" voterTurnout="24.88" percentReporting="4" />
            <Precinct name="Versailles Dist 1" totalVoters="517" ballotsCast="107" voterTurnout="20.70" percentReporting="4" />
            <Precinct name="Versailles Dist 2" totalVoters="429" ballotsCast="86" voterTurnout="20.05" percentReporting="4" />
            <Precinct name="W Homestead Dist 1" totalVoters="401" ballotsCast="58" voterTurnout="14.46" percentReporting="4" />
            <Precinct name="W Homestead Dist 2" totalVoters="453" ballotsCast="147" voterTurnout="32.45" percentReporting="4" />
            <Precinct name="W Homestead Dist 3" totalVoters="507" ballotsCast="140" voterTurnout="27.61" percentReporting="4" />
            <Precinct name="West Mifflin Dist 3" totalVoters="463" ballotsCast="110" voterTurnout="23.76" percentReporting="4" />
            <Precinct name="West Mifflin Dist 4" totalVoters="403" ballotsCast="24" voterTurnout="5.96" percentReporting="4" />
            <Precinct name="West Mifflin Dist 15" totalVoters="574" ballotsCast="145" voterTurnout="25.26" percentReporting="4" />
            <Precinct name="Whitaker Dist 1" totalVoters="416" ballotsCast="102" voterTurnout="24.52" percentReporting="4" />
            <Precinct name="Whitaker Dist 2" totalVoters="332" ballotsCast="78" voterTurnout="23.49" percentReporting="4" />
            <Precinct name="White Oak Dist 1" totalVoters="688" ballotsCast="197" voterTurnout="28.63" percentReporting="4" />
            <Precinct name="White Oak Dist 2" totalVoters="782" ballotsCast="209" voterTurnout="26.73" percentReporting="4" />
            <Precinct name="White Oak Dist 3" totalVoters="858" ballotsCast="255" voterTurnout="29.72" percentReporting="4" />
            <Precinct name="White Oak Dist 4" totalVoters="707" ballotsCast="272" voterTurnout="38.47" percentReporting="4" />
            <Precinct name="White Oak Dist 5" totalVoters="792" ballotsCast="240" voterTurnout="30.30" percentReporting="4" />
            <Precinct name="White Oak Dist 6" totalVoters="709" ballotsCast="194" voterTurnout="27.36" percentReporting="4" />
            <Precinct name="White Oak Dist 7" totalVoters="1052" ballotsCast="296" voterTurnout="28.14" percentReporting="4" />
        </Precincts>
    </VoterTurnout>
    <Contest key="0004" text="Representative in the General Assembly, 35th District" voteFor="1" isQuestion="false" precinctsReporting="97" precinctsReported="97">
        <VoteType name="regVotersCounty" votes="0">
            <Precinct name="Clairton Ward 1 Dist 1" votes="0" />
            <Precinct name="Clairton Ward 1 Dist 2" votes="0" />
            <Precinct name="Clairton Ward 1 Dist 3" votes="0" />
            <Precinct name="Clairton Ward 2 Dist 1" votes="0" />
            <Precinct name="Clairton Ward 2 Dist 2" votes="0" />
            <Precinct name="Clairton Ward 2 Dist 3" votes="0" />
            <Precinct name="Clairton Ward 3 Dist 1" votes="0" />
            <Precinct name="Clairton Ward 3 Dist 2" votes="0" />
            <Precinct name="Clairton Ward 3 Dist 3" votes="0" />
            <Precinct name="Clairton Ward 4 Dist 1" votes="0" />
            <Precinct name="Clairton Ward 4 Dist 2" votes="0" />
            <Precinct name="Clairton Ward 4 Dist 3" votes="0" />
            <Precinct name="Duquesne Ward 1 Dist 1" votes="0" />
            <Precinct name="Duquesne Ward 1 Dist 2" votes="0" />
            <Precinct name="Duquesne Ward 1 Dist 3" votes="0" />
            <Precinct name="Duquesne Ward 1 Dist 4" votes="0" />
            <Precinct name="Duquesne Ward 2 Dist 1" votes="0" />
            <Precinct name="Duquesne Ward 2 Dist 2" votes="0" />
            <Precinct name="Duquesne Ward 2 Dist 3" votes="0" />
            <Precinct name="Duquesne Ward 3 Dist 1" votes="0" />
            <Precinct name="Duquesne Ward 3 Dist 2" votes="0" />
            <Precinct name="Duquesne Ward 3 Dist 3" votes="0" />
            <Precinct name="Homestead Ward 1 Dist 1" votes="0" />
            <Precinct name="Homestead Ward 1 Dist 2" votes="0" />
            <Precinct name="Homestead Ward 2 Dist 1" votes="0" />
            <Precinct name="Homestead Ward 2 Dist 2" votes="0" />
            <Precinct name="Homestead Ward 3 Dist 1" votes="0" />
            <Precinct name="Homestead Ward 3 Dist 2" votes="0" />
            <Precinct name="Liberty Dist 1" votes="0" />
            <Precinct name="Liberty Dist 2" votes="0" />
            <Precinct name="Lincoln" votes="0" />
            <Precinct name="McKeesport Ward 1" votes="0" />
            <Precinct name="McKeesport Ward 2" votes="0" />
            <Precinct name="McKeesport Ward 3 Dist 1" votes="0" />
            <Precinct name="McKeesport Ward 3 Dist 2" votes="0" />
            <Precinct name="McKeesport Ward 4" votes="0" />
            <Precinct name="McKeesport Ward 5" votes="0" />
            <Precinct name="McKeesport Ward 6 Dist 1" votes="0" />
            <Precinct name="McKeesport Ward 6 Dist 2" votes="0" />
            <Precinct name="McKeesport Ward 7 Dist 1" votes="0" />
            <Precinct name="McKeesport Ward 7 Dist 2" votes="0" />
            <Precinct name="McKeesport Ward 7 Dist 3" votes="0" />
            <Precinct name="McKeesport Ward 7 Dist 4" votes="0" />
            <Precinct name="McKeesport Ward 7 Dist 5" votes="0" />
            <Precinct name="McKeesport Ward 7 Dist 6" votes="0" />
            <Precinct name="McKeesport Ward 7 Dist 7" votes="0" />
            <Precinct name="McKeesport Ward 8 Dist 1" votes="0" />
            <Precinct name="McKeesport Ward 8 Dist 2" votes="0" />
            <Precinct name="McKeesport Ward 8 Dist 3" votes="0" />
            <Precinct name="McKeesport Ward 8 Dist 4" votes="0" />
            <Precinct name="McKeesport Ward 8 Dist 5" votes="0" />
            <Precinct name="McKeesport Ward 8 Dist 6" votes="0" />
            <Precinct name="McKeesport Ward 9 Dist 1" votes="0" />
            <Precinct name="McKeesport Ward 9 Dist 2" votes="0" />
            <Precinct name="McKeesport Ward 9 Dist 3" votes="0" />
            <Precinct name="McKeesport Ward 10 Dist 1" votes="0" />
            <Precinct name="McKeesport Ward 10 Dist 2" votes="0" />
            <Precinct name="McKeesport Ward 11 Dist 1" votes="0" />
            <Precinct name="McKeesport Ward 11 Dist 2" votes="0" />
            <Precinct name="McKeesport Ward 11 Dist 3" votes="0" />
            <Precinct name="McKeesport Ward 12 Dist 1" votes="0" />
            <Precinct name="McKeesport Ward 12 Dist 2" votes="0" />
            <Precinct name="McKeesport Ward 12 Dist 3" votes="0" />
            <Precinct name="Munhall Dist 1" votes="0" />
            <Precinct name="Munhall Dist 2" votes="0" />
            <Precinct name="Munhall Dist 3" votes="0" />
            <Precinct name="Munhall Dist 4" votes="0" />
            <Precinct name="Munhall Dist 5" votes="0" />
            <Precinct name="Munhall Dist 6" votes="0" />
            <Precinct name="Munhall Dist 7" votes="0" />
            <Precinct name="Munhall Dist 8" votes="0" />
            <Precinct name="Munhall Dist 9" votes="0" />
            <Precinct name="Munhall Dist 10" votes="0" />
            <Precinct name="Munhall Dist 11" votes="0" />
            <Precinct name="Munhall Dist 12" votes="0" />
            <Precinct name="Port Vue Dist 1" votes="0" />
            <Precinct name="Port Vue Dist 2" votes="0" />
            <Precinct name="Port Vue Dist 3" votes="0" />
            <Precinct name="Port Vue Dist 4" votes="0" />
            <Precinct name="S Versailles" votes="0" />
            <Precinct name="Versailles Dist 1" votes="0" />
            <Precinct name="Versailles Dist 2" votes="0" />
            <Precinct name="W Homestead Dist 1" votes="0" />
            <Precinct name="W Homestead Dist 2" votes="0" />
            <Precinct name="W Homestead Dist 3" votes="0" />
            <Precinct name="West Mifflin Dist 3" votes="0" />
            <Precinct name="West Mifflin Dist 4" votes="0" />
            <Precinct name="West Mifflin Dist 15" votes="0" />
            <Precinct name="Whitaker Dist 1" votes="0" />
            <Precinct name="Whitaker Dist 2" votes="0" />
            <Precinct name="White Oak Dist 1" votes="0" />
            <Precinct name="White Oak Dist 2" votes="0" />
            <Precinct name="White Oak Dist 3" votes="0" />
            <Precinct name="White Oak Dist 4" votes="0" />
            <Precinct name="White Oak Dist 5" votes="0" />
            <Precinct name="White Oak Dist 6" votes="0" />
            <Precinct name="White Oak Dist 7" votes="0" />
        </VoteType>
        <Choice key="001" text="DEM Mathew R. Gergely" party="DEM" totalVotes="6792">
            <VoteType name="Election Day" votes="3495">
                <Precinct name="Clairton Ward 1 Dist 1" votes="23" />
                <Precinct name="Clairton Ward 1 Dist 2" votes="23" />
                <Precinct name="Clairton Ward 1 Dist 3" votes="27" />
                <Precinct name="Clairton Ward 2 Dist 1" votes="13" />
                <Precinct name="Clairton Ward 2 Dist 2" votes="20" />
                <Precinct name="Clairton Ward 2 Dist 3" votes="27" />
                <Precinct name="Clairton Ward 3 Dist 1" votes="21" />
                <Precinct name="Clairton Ward 3 Dist 2" votes="14" />
                <Precinct name="Clairton Ward 3 Dist 3" votes="15" />
                <Precinct name="Clairton Ward 4 Dist 1" votes="41" />
                <Precinct name="Clairton Ward 4 Dist 2" votes="32" />
                <Precinct name="Clairton Ward 4 Dist 3" votes="42" />
                <Precinct name="Duquesne Ward 1 Dist 1" votes="41" />
                <Precinct name="Duquesne Ward 1 Dist 2" votes="20" />
                <Precinct name="Duquesne Ward 1 Dist 3" votes="25" />
                <Precinct name="Duquesne Ward 1 Dist 4" votes="6" />
                <Precinct name="Duquesne Ward 2 Dist 1" votes="31" />
                <Precinct name="Duquesne Ward 2 Dist 2" votes="18" />
                <Precinct name="Duquesne Ward 2 Dist 3" votes="22" />
                <Precinct name="Duquesne Ward 3 Dist 1" votes="11" />
                <Precinct name="Duquesne Ward 3 Dist 2" votes="4" />
                <Precinct name="Duquesne Ward 3 Dist 3" votes="32" />
                <Precinct name="Homestead Ward 1 Dist 1" votes="36" />
                <Precinct name="Homestead Ward 1 Dist 2" votes="18" />
                <Precinct name="Homestead Ward 2 Dist 1" votes="27" />
                <Precinct name="Homestead Ward 2 Dist 2" votes="29" />
                <Precinct name="Homestead Ward 3 Dist 1" votes="30" />
                <Precinct name="Homestead Ward 3 Dist 2" votes="18" />
                <Precinct name="Liberty Dist 1" votes="56" />
                <Precinct name="Liberty Dist 2" votes="56" />
                <Precinct name="Lincoln" votes="45" />
                <Precinct name="McKeesport Ward 1" votes="0" />
                <Precinct name="McKeesport Ward 2" votes="11" />
                <Precinct name="McKeesport Ward 3 Dist 1" votes="23" />
                <Precinct name="McKeesport Ward 3 Dist 2" votes="7" />
                <Precinct name="McKeesport Ward 4" votes="15" />
                <Precinct name="McKeesport Ward 5" votes="43" />
                <Precinct name="McKeesport Ward 6 Dist 1" votes="10" />
                <Precinct name="McKeesport Ward 6 Dist 2" votes="23" />
                <Precinct name="McKeesport Ward 7 Dist 1" votes="44" />
                <Precinct name="McKeesport Ward 7 Dist 2" votes="28" />
                <Precinct name="McKeesport Ward 7 Dist 3" votes="29" />
                <Precinct name="McKeesport Ward 7 Dist 4" votes="19" />
                <Precinct name="McKeesport Ward 7 Dist 5" votes="25" />
                <Precinct name="McKeesport Ward 7 Dist 6" votes="26" />
                <Precinct name="McKeesport Ward 7 Dist 7" votes="20" />
                <Precinct name="McKeesport Ward 8 Dist 1" votes="29" />
                <Precinct name="McKeesport Ward 8 Dist 2" votes="45" />
                <Precinct name="McKeesport Ward 8 Dist 3" votes="32" />
                <Precinct name="McKeesport Ward 8 Dist 4" votes="41" />
                <Precinct name="McKeesport Ward 8 Dist 5" votes="32" />
                <Precinct name="McKeesport Ward 8 Dist 6" votes="17" />
                <Precinct name="McKeesport Ward 9 Dist 1" votes="34" />
                <Precinct name="McKeesport Ward 9 Dist 2" votes="59" />
                <Precinct name="McKeesport Ward 9 Dist 3" votes="26" />
                <Precinct name="McKeesport Ward 10 Dist 1" votes="17" />
                <Precinct name="McKeesport Ward 10 Dist 2" votes="22" />
                <Precinct name="McKeesport Ward 11 Dist 1" votes="43" />
                <Precinct name="McKeesport Ward 11 Dist 2" votes="32" />
                <Precinct name="McKeesport Ward 11 Dist 3" votes="26" />
                <Precinct name="McKeesport Ward 12 Dist 1" votes="20" />
                <Precinct name="McKeesport Ward 12 Dist 2" votes="40" />
                <Precinct name="McKeesport Ward 12 Dist 3" votes="110" />
                <Precinct name="Munhall Dist 1" votes="14" />
                <Precinct name="Munhall Dist 2" votes="30" />
                <Precinct name="Munhall Dist 3" votes="45" />
                <Precinct name="Munhall Dist 4" votes="41" />
                <Precinct name="Munhall Dist 5" votes="57" />
                <Precinct name="Munhall Dist 6" votes="56" />
                <Precinct name="Munhall Dist 7" votes="88" />
                <Precinct name="Munhall Dist 8" votes="70" />
                <Precinct name="Munhall Dist 9" votes="51" />
                <Precinct name="Munhall Dist 10" votes="38" />
                <Precinct name="Munhall Dist 11" votes="95" />
                <Precinct name="Munhall Dist 12" votes="71" />
                <Precinct name="Port Vue Dist 1" votes="35" />
                <Precinct name="Port Vue Dist 2" votes="31" />
                <Precinct name="Port Vue Dist 3" votes="38" />
                <Precinct name="Port Vue Dist 4" votes="43" />
                <Precinct name="S Versailles" votes="11" />
                <Precinct name="Versailles Dist 1" votes="38" />
                <Precinct name="Versailles Dist 2" votes="30" />
                <Precinct name="W Homestead Dist 1" votes="32" />
                <Precinct name="W Homestead Dist 2" votes="46" />
                <Precinct name="W Homestead Dist 3" votes="51" />
                <Precinct name="West Mifflin Dist 3" votes="39" />
                <Precinct name="West Mifflin Dist 4" votes="18" />
                <Precinct name="West Mifflin Dist 15" votes="57" />
                <Precinct name="Whitaker Dist 1" votes="48" />
                <Precinct name="Whitaker Dist 2" votes="24" />
                <Precinct name="White Oak Dist 1" votes="76" />
                <Precinct name="White Oak Dist 2" votes="70" />
                <Precinct name="White Oak Dist 3" votes="95" />
                <Precinct name="White Oak Dist 4" votes="91" />
                <Precinct name="White Oak Dist 5" votes="74" />
                <Precinct name="White Oak Dist 6" votes="41" />
                <Precinct name="White Oak Dist 7" votes="80" />
            </VoteType>
            <VoteType name="Absentee" votes="3297">
                <Precinct name="Clairton Ward 1 Dist 1" votes="17" />
                <Precinct name="Clairton Ward 1 Dist 2" votes="18" />
                <Precinct name="Clairton Ward 1 Dist 3" votes="15" />
                <Precinct name="Clairton Ward 2 Dist 1" votes="3" />
                <Precinct name="Clairton Ward 2 Dist 2" votes="28" />
                <Precinct name="Clairton Ward 2 Dist 3" votes="25" />
                <Precinct name="Clairton Ward 3 Dist 1" votes="40" />
                <Precinct name="Clairton Ward 3 Dist 2" votes="31" />
                <Precinct name="Clairton Ward 3 Dist 3" votes="19" />
                <Precinct name="Clairton Ward 4 Dist 1" votes="22" />
                <Precinct name="Clairton Ward 4 Dist 2" votes="12" />
                <Precinct name="Clairton Ward 4 Dist 3" votes="32" />
                <Precinct name="Duquesne Ward 1 Dist 1" votes="41" />
                <Precinct name="Duquesne Ward 1 Dist 2" votes="28" />
                <Precinct name="Duquesne Ward 1 Dist 3" votes="9" />
                <Precinct name="Duquesne Ward 1 Dist 4" votes="7" />
                <Precinct name="Duquesne Ward 2 Dist 1" votes="26" />
                <Precinct name="Duquesne Ward 2 Dist 2" votes="27" />
                <Precinct name="Duquesne Ward 2 Dist 3" votes="23" />
                <Precinct name="Duquesne Ward 3 Dist 1" votes="17" />
                <Precinct name="Duquesne Ward 3 Dist 2" votes="8" />
                <Precinct name="Duquesne Ward 3 Dist 3" votes="49" />
                <Precinct name="Homestead Ward 1 Dist 1" votes="35" />
                <Precinct name="Homestead Ward 1 Dist 2" votes="21" />
                <Precinct name="Homestead Ward 2 Dist 1" votes="20" />
                <Precinct name="Homestead Ward 2 Dist 2" votes="16" />
                <Precinct name="Homestead Ward 3 Dist 1" votes="12" />
                <Precinct name="Homestead Ward 3 Dist 2" votes="12" />
                <Precinct name="Liberty Dist 1" votes="59" />
                <Precinct name="Liberty Dist 2" votes="53" />
                <Precinct name="Lincoln" votes="58" />
                <Precinct name="McKeesport Ward 1" votes="0" />
                <Precinct name="McKeesport Ward 2" votes="8" />
                <Precinct name="McKeesport Ward 3 Dist 1" votes="5" />
                <Precinct name="McKeesport Ward 3 Dist 2" votes="8" />
                <Precinct name="McKeesport Ward 4" votes="8" />
                <Precinct name="McKeesport Ward 5" votes="22" />
                <Precinct name="McKeesport Ward 6 Dist 1" votes="13" />
                <Precinct name="McKeesport Ward 6 Dist 2" votes="16" />
                <Precinct name="McKeesport Ward 7 Dist 1" votes="35" />
                <Precinct name="McKeesport Ward 7 Dist 2" votes="23" />
                <Precinct name="McKeesport Ward 7 Dist 3" votes="13" />
                <Precinct name="McKeesport Ward 7 Dist 4" votes="20" />
                <Precinct name="McKeesport Ward 7 Dist 5" votes="24" />
                <Precinct name="McKeesport Ward 7 Dist 6" votes="21" />
                <Precinct name="McKeesport Ward 7 Dist 7" votes="18" />
                <Precinct name="McKeesport Ward 8 Dist 1" votes="17" />
                <Precinct name="McKeesport Ward 8 Dist 2" votes="52" />
                <Precinct name="McKeesport Ward 8 Dist 3" votes="30" />
                <Precinct name="McKeesport Ward 8 Dist 4" votes="35" />
                <Precinct name="McKeesport Ward 8 Dist 5" votes="21" />
                <Precinct name="McKeesport Ward 8 Dist 6" votes="19" />
                <Precinct name="McKeesport Ward 9 Dist 1" votes="30" />
                <Precinct name="McKeesport Ward 9 Dist 2" votes="17" />
                <Precinct name="McKeesport Ward 9 Dist 3" votes="33" />
                <Precinct name="McKeesport Ward 10 Dist 1" votes="8" />
                <Precinct name="McKeesport Ward 10 Dist 2" votes="30" />
                <Precinct name="McKeesport Ward 11 Dist 1" votes="26" />
                <Precinct name="McKeesport Ward 11 Dist 2" votes="25" />
                <Precinct name="McKeesport Ward 11 Dist 3" votes="33" />
                <Precinct name="McKeesport Ward 12 Dist 1" votes="25" />
                <Precinct name="McKeesport Ward 12 Dist 2" votes="36" />
                <Precinct name="McKeesport Ward 12 Dist 3" votes="63" />
                <Precinct name="Munhall Dist 1" votes="33" />
                <Precinct name="Munhall Dist 2" votes="35" />
                <Precinct name="Munhall Dist 3" votes="24" />
                <Precinct name="Munhall Dist 4" votes="34" />
                <Precinct name="Munhall Dist 5" votes="63" />
                <Precinct name="Munhall Dist 6" votes="57" />
                <Precinct name="Munhall Dist 7" votes="121" />
                <Precinct name="Munhall Dist 8" votes="58" />
                <Precinct name="Munhall Dist 9" votes="64" />
                <Precinct name="Munhall Dist 10" votes="49" />
                <Precinct name="Munhall Dist 11" votes="83" />
                <Precinct name="Munhall Dist 12" votes="60" />
                <Precinct name="Port Vue Dist 1" votes="35" />
                <Precinct name="Port Vue Dist 2" votes="37" />
                <Precinct name="Port Vue Dist 3" votes="48" />
                <Precinct name="Port Vue Dist 4" votes="55" />
                <Precinct name="S Versailles" votes="13" />
                <Precinct name="Versailles Dist 1" votes="36" />
                <Precinct name="Versailles Dist 2" votes="38" />
                <Precinct name="W Homestead Dist 1" votes="15" />
                <Precinct name="W Homestead Dist 2" votes="52" />
                <Precinct name="W Homestead Dist 3" votes="38" />
                <Precinct name="West Mifflin Dist 3" votes="44" />
                <Precinct name="West Mifflin Dist 4" votes="6" />
                <Precinct name="West Mifflin Dist 15" votes="45" />
                <Precinct name="Whitaker Dist 1" votes="32" />
                <Precinct name="Whitaker Dist 2" votes="33" />
                <Precinct name="White Oak Dist 1" votes="44" />
                <Precinct name="White Oak Dist 2" votes="71" />
                <Precinct name="White Oak Dist 3" votes="98" />
                <Precinct name="White Oak Dist 4" votes="92" />
                <Precinct name="White Oak Dist 5" votes="77" />
                <Precinct name="White Oak Dist 6" votes="76" />
                <Precinct name="White Oak Dist 7" votes="114" />
            </VoteType>
            <VoteType name="Provisional" votes="0">
                <Precinct name="Clairton Ward 1 Dist 1" votes="0" />
                <Precinct name="Clairton Ward 1 Dist 2" votes="0" />
                <Precinct name="Clairton Ward 1 Dist 3" votes="0" />
                <Precinct name="Clairton Ward 2 Dist 1" votes="0" />
                <Precinct name="Clairton Ward 2 Dist 2" votes="0" />
                <Precinct name="Clairton Ward 2 Dist 3" votes="0" />
                <Precinct name="Clairton Ward 3 Dist 1" votes="0" />
                <Precinct name="Clairton Ward 3 Dist 2" votes="0" />
                <Precinct name="Clairton Ward 3 Dist 3" votes="0" />
                <Precinct name="Clairton Ward 4 Dist 1" votes="0" />
                <Precinct name="Clairton Ward 4 Dist 2" votes="0" />
                <Precinct name="Clairton Ward 4 Dist 3" votes="0" />
                <Precinct name="Duquesne Ward 1 Dist 1" votes="0" />
                <Precinct name="Duquesne Ward 1 Dist 2" votes="0" />
                <Precinct name="Duquesne Ward 1 Dist 3" votes="0" />
                <Precinct name="Duquesne Ward 1 Dist 4" votes="0" />
                <Precinct name="Duquesne Ward 2 Dist 1" votes="0" />
                <Precinct name="Duquesne Ward 2 Dist 2" votes="0" />
                <Precinct name="Duquesne Ward 2 Dist 3" votes="0" />
                <Precinct name="Duquesne Ward 3 Dist 1" votes="0" />
                <Precinct name="Duquesne Ward 3 Dist 2" votes="0" />
                <Precinct name="Duquesne Ward 3 Dist 3" votes="0" />
                <Precinct name="Homestead Ward 1 Dist 1" votes="0" />
                <Precinct name="Homestead Ward 1 Dist 2" votes="0" />
                <Precinct name="Homestead Ward 2 Dist 1" votes="0" />
                <Precinct name="Homestead Ward 2 Dist 2" votes="0" />
                <Precinct name="Homestead Ward 3 Dist 1" votes="0" />
                <Precinct name="Homestead Ward 3 Dist 2" votes="0" />
                <Precinct name="Liberty Dist 1" votes="0" />
                <Precinct name="Liberty Dist 2" votes="0" />
                <Precinct name="Lincoln" votes="0" />
                <Precinct name="McKeesport Ward 1" votes="0" />
                <Precinct name="McKeesport Ward 2" votes="0" />
                <Precinct name="McKeesport Ward 3 Dist 1" votes="0" />
                <Precinct name="McKeesport Ward 3 Dist 2" votes="0" />
                <Precinct name="McKeesport Ward 4" votes="0" />
                <Precinct name="McKeesport Ward 5" votes="0" />
                <Precinct name="McKeesport Ward 6 Dist 1" votes="0" />
                <Precinct name="McKeesport Ward 6 Dist 2" votes="0" />
                <Precinct name="McKeesport Ward 7 Dist 1" votes="0" />
                <Precinct name="McKeesport Ward 7 Dist 2" votes="0" />
                <Precinct name="McKeesport Ward 7 Dist 3" votes="0" />
                <Precinct name="McKeesport Ward 7 Dist 4" votes="0" />
                <Precinct name="McKeesport Ward 7 Dist 5" votes="0" />
                <Precinct name="McKeesport Ward 7 Dist 6" votes="0" />
                <Precinct name="McKeesport Ward 7 Dist 7" votes="0" />
                <Precinct name="McKeesport Ward 8 Dist 1" votes="0" />
                <Precinct name="McKeesport Ward 8 Dist 2" votes="0" />
                <Precinct name="McKeesport Ward 8 Dist 3" votes="0" />
                <Precinct name="McKeesport Ward 8 Dist 4" votes="0" />
                <Precinct name="McKeesport Ward 8 Dist 5" votes="0" />
                <Precinct name="McKeesport Ward 8 Dist 6" votes="0" />
                <Precinct name="McKeesport Ward 9 Dist 1" votes="0" />
                <Precinct name="McKeesport Ward 9 Dist 2" votes="0" />
                <Precinct name="McKeesport Ward 9 Dist 3" votes="0" />
                <Precinct name="McKeesport Ward 10 Dist 1" votes="0" />
                <Precinct name="McKeesport Ward 10 Dist 2" votes="0" />
                <Precinct name="McKeesport Ward 11 Dist 1" votes="0" />
                <Precinct name="McKeesport Ward 11 Dist 2" votes="0" />
                <Precinct name="McKeesport Ward 11 Dist 3" votes="0" />
                <Precinct name="McKeesport Ward 12 Dist 1" votes="0" />
                <Precinct name="McKeesport Ward 12 Dist 2" votes="0" />
                <Precinct name="McKeesport Ward 12 Dist 3" votes="0" />
                <Precinct name="Munhall Dist 1" votes="0" />
                <Precinct name="Munhall Dist 2" votes="0" />
                <Precinct name="Munhall Dist 3" votes="0" />
                <Precinct name="Munhall Dist 4" votes="0" />
                <Precinct name="Munhall Dist 5" votes="0" />
                <Precinct name="Munhall Dist 6" votes="0" />
                <Precinct name="Munhall Dist 7" votes="0" />
                <Precinct name="Munhall Dist 8" votes="0" />
                <Precinct name="Munhall Dist 9" votes="0" />
                <Precinct name="Munhall Dist 10" votes="0" />
                <Precinct name="Munhall Dist 11" votes="0" />
                <Precinct name="Munhall Dist 12" votes="0" />
                <Precinct name="Port Vue Dist 1" votes="0" />
                <Precinct name="Port Vue Dist 2" votes="0" />
                <Precinct name="Port Vue Dist 3" votes="0" />
                <Precinct name="Port Vue Dist 4" votes="0" />
                <Precinct name="S Versailles" votes="0" />
                <Precinct name="Versailles Dist 1" votes="0" />
                <Precinct name="Versailles Dist 2" votes="0" />
                <Precinct name="W Homestead Dist 1" votes="0" />
                <Precinct name="W Homestead Dist 2" votes="0" />
                <Precinct name="W Homestead Dist 3" votes="0" />
                <Precinct name="West Mifflin Dist 3" votes="0" />
                <Precinct name="West Mifflin Dist 4" votes="0" />
                <Precinct name="West Mifflin Dist 15" votes="0" />
                <Precinct name="Whitaker Dist 1" votes="0" />
                <Precinct name="Whitaker Dist 2" votes="0" />
                <Precinct name="White Oak Dist 1" votes="0" />
                <Precinct name="White Oak Dist 2" votes="0" />
                <Precinct name="White Oak Dist 3" votes="0" />
                <Precinct name="White Oak Dist 4" votes="0" />
                <Precinct name="White Oak Dist 5" votes="0" />
                <Precinct name="White Oak Dist 6" votes="0" />
                <Precinct name="White Oak Dist 7" votes="0" />
            </VoteType>
        </Choice>
        <Choice key="002" text="REP Don Nevills" party="REP" totalVotes="2302">
            <VoteType name="Election Day" votes="1878">
                <Precinct name="Clairton Ward 1 Dist 1" votes="19" />
                <Precinct name="Clairton Ward 1 Dist 2" votes="26" />
                <Precinct name="Clairton Ward 1 Dist 3" votes="23" />
                <Precinct name="Clairton Ward 2 Dist 1" votes="3" />
                <Precinct name="Clairton Ward 2 Dist 2" votes="3" />
                <Precinct name="Clairton Ward 2 Dist 3" votes="7" />
                <Precinct name="Clairton Ward 3 Dist 1" votes="18" />
                <Precinct name="Clairton Ward 3 Dist 2" votes="8" />
                <Precinct name="Clairton Ward 3 Dist 3" votes="10" />
                <Precinct name="Clairton Ward 4 Dist 1" votes="4" />
                <Precinct name="Clairton Ward 4 Dist 2" votes="13" />
                <Precinct name="Clairton Ward 4 Dist 3" votes="18" />
                <Precinct name="Duquesne Ward 1 Dist 1" votes="21" />
                <Precinct name="Duquesne Ward 1 Dist 2" votes="8" />
                <Precinct name="Duquesne Ward 1 Dist 3" votes="1" />
                <Precinct name="Duquesne Ward 1 Dist 4" votes="1" />
                <Precinct name="Duquesne Ward 2 Dist 1" votes="6" />
                <Precinct name="Duquesne Ward 2 Dist 2" votes="6" />
                <Precinct name="Duquesne Ward 2 Dist 3" votes="16" />
                <Precinct name="Duquesne Ward 3 Dist 1" votes="1" />
                <Precinct name="Duquesne Ward 3 Dist 2" votes="1" />
                <Precinct name="Duquesne Ward 3 Dist 3" votes="8" />
                <Precinct name="Homestead Ward 1 Dist 1" votes="11" />
                <Precinct name="Homestead Ward 1 Dist 2" votes="3" />
                <Precinct name="Homestead Ward 2 Dist 1" votes="0" />
                <Precinct name="Homestead Ward 2 Dist 2" votes="1" />
                <Precinct name="Homestead Ward 3 Dist 1" votes="4" />
                <Precinct name="Homestead Ward 3 Dist 2" votes="2" />
                <Precinct name="Liberty Dist 1" votes="65" />
                <Precinct name="Liberty Dist 2" votes="55" />
                <Precinct name="Lincoln" votes="61" />
                <Precinct name="McKeesport Ward 1" votes="0" />
                <Precinct name="McKeesport Ward 2" votes="1" />
                <Precinct name="McKeesport Ward 3 Dist 1" votes="1" />
                <Precinct name="McKeesport Ward 3 Dist 2" votes="1" />
                <Precinct name="McKeesport Ward 4" votes="1" />
                <Precinct name="McKeesport Ward 5" votes="2" />
                <Precinct name="McKeesport Ward 6 Dist 1" votes="2" />
                <Precinct name="McKeesport Ward 6 Dist 2" votes="4" />
                <Precinct name="McKeesport Ward 7 Dist 1" votes="1" />
                <Precinct name="McKeesport Ward 7 Dist 2" votes="0" />
                <Precinct name="McKeesport Ward 7 Dist 3" votes="1" />
                <Precinct name="McKeesport Ward 7 Dist 4" votes="7" />
                <Precinct name="McKeesport Ward 7 Dist 5" votes="9" />
                <Precinct name="McKeesport Ward 7 Dist 6" votes="8" />
                <Precinct name="McKeesport Ward 7 Dist 7" votes="4" />
                <Precinct name="McKeesport Ward 8 Dist 1" votes="11" />
                <Precinct name="McKeesport Ward 8 Dist 2" votes="23" />
                <Precinct name="McKeesport Ward 8 Dist 3" votes="9" />
                <Precinct name="McKeesport Ward 8 Dist 4" votes="16" />
                <Precinct name="McKeesport Ward 8 Dist 5" votes="5" />
                <Precinct name="McKeesport Ward 8 Dist 6" votes="9" />
                <Precinct name="McKeesport Ward 9 Dist 1" votes="11" />
                <Precinct name="McKeesport Ward 9 Dist 2" votes="23" />
                <Precinct name="McKeesport Ward 9 Dist 3" votes="11" />
                <Precinct name="McKeesport Ward 10 Dist 1" votes="7" />
                <Precinct name="McKeesport Ward 10 Dist 2" votes="13" />
                <Precinct name="McKeesport Ward 11 Dist 1" votes="23" />
                <Precinct name="McKeesport Ward 11 Dist 2" votes="10" />
                <Precinct name="McKeesport Ward 11 Dist 3" votes="6" />
                <Precinct name="McKeesport Ward 12 Dist 1" votes="24" />
                <Precinct name="McKeesport Ward 12 Dist 2" votes="15" />
                <Precinct name="McKeesport Ward 12 Dist 3" votes="40" />
                <Precinct name="Munhall Dist 1" votes="13" />
                <Precinct name="Munhall Dist 2" votes="8" />
                <Precinct name="Munhall Dist 3" votes="6" />
                <Precinct name="Munhall Dist 4" votes="6" />
                <Precinct name="Munhall Dist 5" votes="23" />
                <Precinct name="Munhall Dist 6" votes="37" />
                <Precinct name="Munhall Dist 7" votes="52" />
                <Precinct name="Munhall Dist 8" votes="35" />
                <Precinct name="Munhall Dist 9" votes="44" />
                <Precinct name="Munhall Dist 10" votes="24" />
                <Precinct name="Munhall Dist 11" votes="60" />
                <Precinct name="Munhall Dist 12" votes="34" />
                <Precinct name="Port Vue Dist 1" votes="23" />
                <Precinct name="Port Vue Dist 2" votes="28" />
                <Precinct name="Port Vue Dist 3" votes="36" />
                <Precinct name="Port Vue Dist 4" votes="45" />
                <Precinct name="S Versailles" votes="27" />
                <Precinct name="Versailles Dist 1" votes="24" />
                <Precinct name="Versailles Dist 2" votes="13" />
                <Precinct name="W Homestead Dist 1" votes="11" />
                <Precinct name="W Homestead Dist 2" votes="36" />
                <Precinct name="W Homestead Dist 3" votes="41" />
                <Precinct name="West Mifflin Dist 3" votes="23" />
                <Precinct name="West Mifflin Dist 4" votes="0" />
                <Precinct name="West Mifflin Dist 15" votes="34" />
                <Precinct name="Whitaker Dist 1" votes="21" />
                <Precinct name="Whitaker Dist 2" votes="15" />
                <Precinct name="White Oak Dist 1" votes="62" />
                <Precinct name="White Oak Dist 2" votes="56" />
                <Precinct name="White Oak Dist 3" votes="45" />
                <Precinct name="White Oak Dist 4" votes="63" />
                <Precinct name="White Oak Dist 5" votes="75" />
                <Precinct name="White Oak Dist 6" votes="57" />
                <Precinct name="White Oak Dist 7" votes="80" />
            </VoteType>
            <VoteType name="Absentee" votes="424">
                <Precinct name="Clairton Ward 1 Dist 1" votes="3" />
                <Precinct name="Clairton Ward 1 Dist 2" votes="4" />
                <Precinct name="Clairton Ward 1 Dist 3" votes="3" />
                <Precinct name="Clairton Ward 2 Dist 1" votes="0" />
                <Precinct name="Clairton Ward 2 Dist 2" votes="3" />
                <Precinct name="Clairton Ward 2 Dist 3" votes="4" />
                <Precinct name="Clairton Ward 3 Dist 1" votes="7" />
                <Precinct name="Clairton Ward 3 Dist 2" votes="4" />
                <Precinct name="Clairton Ward 3 Dist 3" votes="6" />
                <Precinct name="Clairton Ward 4 Dist 1" votes="3" />
                <Precinct name="Clairton Ward 4 Dist 2" votes="3" />
                <Precinct name="Clairton Ward 4 Dist 3" votes="8" />
                <Precinct name="Duquesne Ward 1 Dist 1" votes="1" />
                <Precinct name="Duquesne Ward 1 Dist 2" votes="2" />
                <Precinct name="Duquesne Ward 1 Dist 3" votes="4" />
                <Precinct name="Duquesne Ward 1 Dist 4" votes="0" />
                <Precinct name="Duquesne Ward 2 Dist 1" votes="1" />
                <Precinct name="Duquesne Ward 2 Dist 2" votes="1" />
                <Precinct name="Duquesne Ward 2 Dist 3" votes="2" />
                <Precinct name="Duquesne Ward 3 Dist 1" votes="2" />
                <Precinct name="Duquesne Ward 3 Dist 2" votes="1" />
                <Precinct name="Duquesne Ward 3 Dist 3" votes="1" />
                <Precinct name="Homestead Ward 1 Dist 1" votes="6" />
                <Precinct name="Homestead Ward 1 Dist 2" votes="0" />
                <Precinct name="Homestead Ward 2 Dist 1" votes="3" />
                <Precinct name="Homestead Ward 2 Dist 2" votes="0" />
                <Precinct name="Homestead Ward 3 Dist 1" votes="1" />
                <Precinct name="Homestead Ward 3 Dist 2" votes="2" />
                <Precinct name="Liberty Dist 1" votes="8" />
                <Precinct name="Liberty Dist 2" votes="1" />
                <Precinct name="Lincoln" votes="9" />
                <Precinct name="McKeesport Ward 1" votes="0" />
                <Precinct name="McKeesport Ward 2" votes="0" />
                <Precinct name="McKeesport Ward 3 Dist 1" votes="0" />
                <Precinct name="McKeesport Ward 3 Dist 2" votes="0" />
                <Precinct name="McKeesport Ward 4" votes="1" />
                <Precinct name="McKeesport Ward 5" votes="2" />
                <Precinct name="McKeesport Ward 6 Dist 1" votes="2" />
                <Precinct name="McKeesport Ward 6 Dist 2" votes="2" />
                <Precinct name="McKeesport Ward 7 Dist 1" votes="1" />
                <Precinct name="McKeesport Ward 7 Dist 2" votes="0" />
                <Precinct name="McKeesport Ward 7 Dist 3" votes="0" />
                <Precinct name="McKeesport Ward 7 Dist 4" votes="5" />
                <Precinct name="McKeesport Ward 7 Dist 5" votes="1" />
                <Precinct name="McKeesport Ward 7 Dist 6" votes="0" />
                <Precinct name="McKeesport Ward 7 Dist 7" votes="1" />
                <Precinct name="McKeesport Ward 8 Dist 1" votes="0" />
                <Precinct name="McKeesport Ward 8 Dist 2" votes="6" />
                <Precinct name="McKeesport Ward 8 Dist 3" votes="0" />
                <Precinct name="McKeesport Ward 8 Dist 4" votes="2" />
                <Precinct name="McKeesport Ward 8 Dist 5" votes="1" />
                <Precinct name="McKeesport Ward 8 Dist 6" votes="0" />
                <Precinct name="McKeesport Ward 9 Dist 1" votes="1" />
                <Precinct name="McKeesport Ward 9 Dist 2" votes="1" />
                <Precinct name="McKeesport Ward 9 Dist 3" votes="3" />
                <Precinct name="McKeesport Ward 10 Dist 1" votes="2" />
                <Precinct name="McKeesport Ward 10 Dist 2" votes="6" />
                <Precinct name="McKeesport Ward 11 Dist 1" votes="0" />
                <Precinct name="McKeesport Ward 11 Dist 2" votes="4" />
                <Precinct name="McKeesport Ward 11 Dist 3" votes="5" />
                <Precinct name="McKeesport Ward 12 Dist 1" votes="1" />
                <Precinct name="McKeesport Ward 12 Dist 2" votes="5" />
                <Precinct name="McKeesport Ward 12 Dist 3" votes="5" />
                <Precinct name="Munhall Dist 1" votes="1" />
                <Precinct name="Munhall Dist 2" votes="3" />
                <Precinct name="Munhall Dist 3" votes="2" />
                <Precinct name="Munhall Dist 4" votes="7" />
                <Precinct name="Munhall Dist 5" votes="11" />
                <Precinct name="Munhall Dist 6" votes="3" />
                <Precinct name="Munhall Dist 7" votes="16" />
                <Precinct name="Munhall Dist 8" votes="7" />
                <Precinct name="Munhall Dist 9" votes="4" />
                <Precinct name="Munhall Dist 10" votes="6" />
                <Precinct name="Munhall Dist 11" votes="16" />
                <Precinct name="Munhall Dist 12" votes="4" />
                <Precinct name="Port Vue Dist 1" votes="7" />
                <Precinct name="Port Vue Dist 2" votes="7" />
                <Precinct name="Port Vue Dist 3" votes="6" />
                <Precinct name="Port Vue Dist 4" votes="10" />
                <Precinct name="S Versailles" votes="1" />
                <Precinct name="Versailles Dist 1" votes="7" />
                <Precinct name="Versailles Dist 2" votes="5" />
                <Precinct name="W Homestead Dist 1" votes="0" />
                <Precinct name="W Homestead Dist 2" votes="13" />
                <Precinct name="W Homestead Dist 3" votes="9" />
                <Precinct name="West Mifflin Dist 3" votes="3" />
                <Precinct name="West Mifflin Dist 4" votes="0" />
                <Precinct name="West Mifflin Dist 15" votes="9" />
                <Precinct name="Whitaker Dist 1" votes="1" />
                <Precinct name="Whitaker Dist 2" votes="4" />
                <Precinct name="White Oak Dist 1" votes="12" />
                <Precinct name="White Oak Dist 2" votes="9" />
                <Precinct name="White Oak Dist 3" votes="16" />
                <Precinct name="White Oak Dist 4" votes="24" />
                <Precinct name="White Oak Dist 5" votes="13" />
                <Precinct name="White Oak Dist 6" votes="17" />
                <Precinct name="White Oak Dist 7" votes="21" />
            </VoteType>
            <VoteType name="Provisional" votes="0">
                <Precinct name="Clairton Ward 1 Dist 1" votes="0" />
                <Precinct name="Clairton Ward 1 Dist 2" votes="0" />
                <Precinct name="Clairton Ward 1 Dist 3" votes="0" />
                <Precinct name="Clairton Ward 2 Dist 1" votes="0" />
                <Precinct name="Clairton Ward 2 Dist 2" votes="0" />
                <Precinct name="Clairton Ward 2 Dist 3" votes="0" />
                <Precinct name="Clairton Ward 3 Dist 1" votes="0" />
                <Precinct name="Clairton Ward 3 Dist 2" votes="0" />
                <Precinct name="Clairton Ward 3 Dist 3" votes="0" />
                <Precinct name="Clairton Ward 4 Dist 1" votes="0" />
                <Precinct name="Clairton Ward 4 Dist 2" votes="0" />
                <Precinct name="Clairton Ward 4 Dist 3" votes="0" />
                <Precinct name="Duquesne Ward 1 Dist 1" votes="0" />
                <Precinct name="Duquesne Ward 1 Dist 2" votes="0" />
                <Precinct name="Duquesne Ward 1 Dist 3" votes="0" />
                <Precinct name="Duquesne Ward 1 Dist 4" votes="0" />
                <Precinct name="Duquesne Ward 2 Dist 1" votes="0" />
                <Precinct name="Duquesne Ward 2 Dist 2" votes="0" />
                <Precinct name="Duquesne Ward 2 Dist 3" votes="0" />
                <Precinct name="Duquesne Ward 3 Dist 1" votes="0" />
                <Precinct name="Duquesne Ward 3 Dist 2" votes="0" />
                <Precinct name="Duquesne Ward 3 Dist 3" votes="0" />
                <Precinct name="Homestead Ward 1 Dist 1" votes="0" />
                <Precinct name="Homestead Ward 1 Dist 2" votes="0" />
                <Precinct name="Homestead Ward 2 Dist 1" votes="0" />
                <Precinct name="Homestead Ward 2 Dist 2" votes="0" />
                <Precinct name="Homestead Ward 3 Dist 1" votes="0" />
                <Precinct name="Homestead Ward 3 Dist 2" votes="0" />
                <Precinct name="Liberty Dist 1" votes="0" />
                <Precinct name="Liberty Dist 2" votes="0" />
                <Precinct name="Lincoln" votes="0" />
                <Precinct name="McKeesport Ward 1" votes="0" />
                <Precinct name="McKeesport Ward 2" votes="0" />
                <Precinct name="McKeesport Ward 3 Dist 1" votes="0" />
                <Precinct name="McKeesport Ward 3 Dist 2" votes="0" />
                <Precinct name="McKeesport Ward 4" votes="0" />
                <Precinct name="McKeesport Ward 5" votes="0" />
                <Precinct name="McKeesport Ward 6 Dist 1" votes="0" />
                <Precinct name="McKeesport Ward 6 Dist 2" votes="0" />
                <Precinct name="McKeesport Ward 7 Dist 1" votes="0" />
                <Precinct name="McKeesport Ward 7 Dist 2" votes="0" />
                <Precinct name="McKeesport Ward 7 Dist 3" votes="0" />
                <Precinct name="McKeesport Ward 7 Dist 4" votes="0" />
                <Precinct name="McKeesport Ward 7 Dist 5" votes="0" />
                <Precinct name="McKeesport Ward 7 Dist 6" votes="0" />
                <Precinct name="McKeesport Ward 7 Dist 7" votes="0" />
                <Precinct name="McKeesport Ward 8 Dist 1" votes="0" />
                <Precinct name="McKeesport Ward 8 Dist 2" votes="0" />
                <Precinct name="McKeesport Ward 8 Dist 3" votes="0" />
                <Precinct name="McKeesport Ward 8 Dist 4" votes="0" />
                <Precinct name="McKeesport Ward 8 Dist 5" votes="0" />
                <Precinct name="McKeesport Ward 8 Dist 6" votes="0" />
                <Precinct name="McKeesport Ward 9 Dist 1" votes="0" />
                <Precinct name="McKeesport Ward 9 Dist 2" votes="0" />
                <Precinct name="McKeesport Ward 9 Dist 3" votes="0" />
                <Precinct name="McKeesport Ward 10 Dist 1" votes="0" />
                <Precinct name="McKeesport Ward 10 Dist 2" votes="0" />
                <Precinct name="McKeesport Ward 11 Dist 1" votes="0" />
                <Precinct name="McKeesport Ward 11 Dist 2" votes="0" />
                <Precinct name="McKeesport Ward 11 Dist 3" votes="0" />
                <Precinct name="McKeesport Ward 12 Dist 1" votes="0" />
                <Precinct name="McKeesport Ward 12 Dist 2" votes="0" />
                <Precinct name="McKeesport Ward 12 Dist 3" votes="0" />
                <Precinct name="Munhall Dist 1" votes="0" />
                <Precinct name="Munhall Dist 2" votes="0" />
                <Precinct name="Munhall Dist 3" votes="0" />
                <Precinct name="Munhall Dist 4" votes="0" />
                <Precinct name="Munhall Dist 5" votes="0" />
                <Precinct name="Munhall Dist 6" votes="0" />
                <Precinct name="Munhall Dist 7" votes="0" />
                <Precinct name="Munhall Dist 8" votes="0" />
                <Precinct name="Munhall Dist 9" votes="0" />
                <Precinct name="Munhall Dist 10" votes="0" />
                <Precinct name="Munhall Dist 11" votes="0" />
                <Precinct name="Munhall Dist 12" votes="0" />
                <Precinct name="Port Vue Dist 1" votes="0" />
                <Precinct name="Port Vue Dist 2" votes="0" />
                <Precinct name="Port Vue Dist 3" votes="0" />
                <Precinct name="Port Vue Dist 4" votes="0" />
                <Precinct name="S Versailles" votes="0" />
                <Precinct name="Versailles Dist 1" votes="0" />
                <Precinct name="Versailles Dist 2" votes="0" />
                <Precinct name="W Homestead Dist 1" votes="0" />
                <Precinct name="W Homestead Dist 2" votes="0" />
                <Precinct name="W Homestead Dist 3" votes="0" />
                <Precinct name="West Mifflin Dist 3" votes="0" />
                <Precinct name="West Mifflin Dist 4" votes="0" />
                <Precinct name="West Mifflin Dist 15" votes="0" />
                <Precinct name="Whitaker Dist 1" votes="0" />
                <Precinct name="Whitaker Dist 2" votes="0" />
                <Precinct name="White Oak Dist 1" votes="0" />
                <Precinct name="White Oak Dist 2" votes="0" />
                <Precinct name="White Oak Dist 3" votes="0" />
                <Precinct name="White Oak Dist 4" votes="0" />
                <Precinct name="White Oak Dist 5" votes="0" />
                <Precinct name="White Oak Dist 6" votes="0" />
                <Precinct name="White Oak Dist 7" votes="0" />
            </VoteType>
        </Choice>
        <Choice key="004" text="Write-in" party="NON" totalVotes="126">
            <VoteType name="Election Day" votes="105">
                <Precinct name="Clairton Ward 1 Dist 1" votes="0" />
                <Precinct name="Clairton Ward 1 Dist 2" votes="0" />
                <Precinct name="Clairton Ward 1 Dist 3" votes="0" />
                <Precinct name="Clairton Ward 2 Dist 1" votes="2" />
                <Precinct name="Clairton Ward 2 Dist 2" votes="0" />
                <Precinct name="Clairton Ward 2 Dist 3" votes="0" />
                <Precinct name="Clairton Ward 3 Dist 1" votes="0" />
                <Precinct name="Clairton Ward 3 Dist 2" votes="2" />
                <Precinct name="Clairton Ward 3 Dist 3" votes="0" />
                <Precinct name="Clairton Ward 4 Dist 1" votes="1" />
                <Precinct name="Clairton Ward 4 Dist 2" votes="0" />
                <Precinct name="Clairton Ward 4 Dist 3" votes="0" />
                <Precinct name="Duquesne Ward 1 Dist 1" votes="0" />
                <Precinct name="Duquesne Ward 1 Dist 2" votes="1" />
                <Precinct name="Duquesne Ward 1 Dist 3" votes="0" />
                <Precinct name="Duquesne Ward 1 Dist 4" votes="0" />
                <Precinct name="Duquesne Ward 2 Dist 1" votes="0" />
                <Precinct name="Duquesne Ward 2 Dist 2" votes="0" />
                <Precinct name="Duquesne Ward 2 Dist 3" votes="3" />
                <Precinct name="Duquesne Ward 3 Dist 1" votes="0" />
                <Precinct name="Duquesne Ward 3 Dist 2" votes="0" />
                <Precinct name="Duquesne Ward 3 Dist 3" votes="0" />
                <Precinct name="Homestead Ward 1 Dist 1" votes="0" />
                <Precinct name="Homestead Ward 1 Dist 2" votes="0" />
                <Precinct name="Homestead Ward 2 Dist 1" votes="0" />
                <Precinct name="Homestead Ward 2 Dist 2" votes="0" />
                <Precinct name="Homestead Ward 3 Dist 1" votes="0" />
                <Precinct name="Homestead Ward 3 Dist 2" votes="0" />
                <Precinct name="Liberty Dist 1" votes="1" />
                <Precinct name="Liberty Dist 2" votes="5" />
                <Precinct name="Lincoln" votes="0" />
                <Precinct name="McKeesport Ward 1" votes="0" />
                <Precinct name="McKeesport Ward 2" votes="2" />
                <Precinct name="McKeesport Ward 3 Dist 1" votes="1" />
                <Precinct name="McKeesport Ward 3 Dist 2" votes="0" />
                <Precinct name="McKeesport Ward 4" votes="0" />
                <Precinct name="McKeesport Ward 5" votes="3" />
                <Precinct name="McKeesport Ward 6 Dist 1" votes="1" />
                <Precinct name="McKeesport Ward 6 Dist 2" votes="3" />
                <Precinct name="McKeesport Ward 7 Dist 1" votes="4" />
                <Precinct name="McKeesport Ward 7 Dist 2" votes="1" />
                <Precinct name="McKeesport Ward 7 Dist 3" votes="2" />
                <Precinct name="McKeesport Ward 7 Dist 4" votes="3" />
                <Precinct name="McKeesport Ward 7 Dist 5" votes="2" />
                <Precinct name="McKeesport Ward 7 Dist 6" votes="2" />
                <Precinct name="McKeesport Ward 7 Dist 7" votes="3" />
                <Precinct name="McKeesport Ward 8 Dist 1" votes="0" />
                <Precinct name="McKeesport Ward 8 Dist 2" votes="1" />
                <Precinct name="McKeesport Ward 8 Dist 3" votes="1" />
                <Precinct name="McKeesport Ward 8 Dist 4" votes="2" />
                <Precinct name="McKeesport Ward 8 Dist 5" votes="4" />
                <Precinct name="McKeesport Ward 8 Dist 6" votes="0" />
                <Precinct name="McKeesport Ward 9 Dist 1" votes="3" />
                <Precinct name="McKeesport Ward 9 Dist 2" votes="3" />
                <Precinct name="McKeesport Ward 9 Dist 3" votes="1" />
                <Precinct name="McKeesport Ward 10 Dist 1" votes="0" />
                <Precinct name="McKeesport Ward 10 Dist 2" votes="3" />
                <Precinct name="McKeesport Ward 11 Dist 1" votes="2" />
                <Precinct name="McKeesport Ward 11 Dist 2" votes="0" />
                <Precinct name="McKeesport Ward 11 Dist 3" votes="5" />
                <Precinct name="McKeesport Ward 12 Dist 1" votes="2" />
                <Precinct name="McKeesport Ward 12 Dist 2" votes="0" />
                <Precinct name="McKeesport Ward 12 Dist 3" votes="1" />
                <Precinct name="Munhall Dist 1" votes="0" />
                <Precinct name="Munhall Dist 2" votes="0" />
                <Precinct name="Munhall Dist 3" votes="2" />
                <Precinct name="Munhall Dist 4" votes="0" />
                <Precinct name="Munhall Dist 5" votes="0" />
                <Precinct name="Munhall Dist 6" votes="1" />
                <Precinct name="Munhall Dist 7" votes="2" />
                <Precinct name="Munhall Dist 8" votes="1" />
                <Precinct name="Munhall Dist 9" votes="1" />
                <Precinct name="Munhall Dist 10" votes="5" />
                <Precinct name="Munhall Dist 11" votes="1" />
                <Precinct name="Munhall Dist 12" votes="0" />
                <Precinct name="Port Vue Dist 1" votes="2" />
                <Precinct name="Port Vue Dist 2" votes="1" />
                <Precinct name="Port Vue Dist 3" votes="0" />
                <Precinct name="Port Vue Dist 4" votes="2" />
                <Precinct name="S Versailles" votes="0" />
                <Precinct name="Versailles Dist 1" votes="2" />
                <Precinct name="Versailles Dist 2" votes="0" />
                <Precinct name="W Homestead Dist 1" votes="0" />
                <Precinct name="W Homestead Dist 2" votes="0" />
                <Precinct name="W Homestead Dist 3" votes="1" />
                <Precinct name="West Mifflin Dist 3" votes="0" />
                <Precinct name="West Mifflin Dist 4" votes="0" />
                <Precinct name="West Mifflin Dist 15" votes="0" />
                <Precinct name="Whitaker Dist 1" votes="0" />
                <Precinct name="Whitaker Dist 2" votes="2" />
                <Precinct name="White Oak Dist 1" votes="3" />
                <Precinct name="White Oak Dist 2" votes="2" />
                <Precinct name="White Oak Dist 3" votes="1" />
                <Precinct name="White Oak Dist 4" votes="1" />
                <Precinct name="White Oak Dist 5" votes="1" />
                <Precinct name="White Oak Dist 6" votes="3" />
                <Precinct name="White Oak Dist 7" votes="1" />
            </VoteType>
            <VoteType name="Absentee" votes="21">
                <Precinct name="Clairton Ward 1 Dist 1" votes="0" />
                <Precinct name="Clairton Ward 1 Dist 2" votes="0" />
                <Precinct name="Clairton Ward 1 Dist 3" votes="0" />
                <Precinct name="Clairton Ward 2 Dist 1" votes="0" />
                <Precinct name="Clairton Ward 2 Dist 2" votes="0" />
                <Precinct name="Clairton Ward 2 Dist 3" votes="0" />
                <Precinct name="Clairton Ward 3 Dist 1" votes="0" />
                <Precinct name="Clairton Ward 3 Dist 2" votes="0" />
                <Precinct name="Clairton Ward 3 Dist 3" votes="0" />
                <Precinct name="Clairton Ward 4 Dist 1" votes="0" />
                <Precinct name="Clairton Ward 4 Dist 2" votes="0" />
                <Precinct name="Clairton Ward 4 Dist 3" votes="0" />
                <Precinct name="Duquesne Ward 1 Dist 1" votes="1" />
                <Precinct name="Duquesne Ward 1 Dist 2" votes="0" />
                <Precinct name="Duquesne Ward 1 Dist 3" votes="0" />
                <Precinct name="Duquesne Ward 1 Dist 4" votes="0" />
                <Precinct name="Duquesne Ward 2 Dist 1" votes="0" />
                <Precinct name="Duquesne Ward 2 Dist 2" votes="0" />
                <Precinct name="Duquesne Ward 2 Dist 3" votes="1" />
                <Precinct name="Duquesne Ward 3 Dist 1" votes="0" />
                <Precinct name="Duquesne Ward 3 Dist 2" votes="0" />
                <Precinct name="Duquesne Ward 3 Dist 3" votes="0" />
                <Precinct name="Homestead Ward 1 Dist 1" votes="1" />
                <Precinct name="Homestead Ward 1 Dist 2" votes="0" />
                <Precinct name="Homestead Ward 2 Dist 1" votes="0" />
                <Precinct name="Homestead Ward 2 Dist 2" votes="0" />
                <Precinct name="Homestead Ward 3 Dist 1" votes="0" />
                <Precinct name="Homestead Ward 3 Dist 2" votes="0" />
                <Precinct name="Liberty Dist 1" votes="0" />
                <Precinct name="Liberty Dist 2" votes="0" />
                <Precinct name="Lincoln" votes="0" />
                <Precinct name="McKeesport Ward 1" votes="0" />
                <Precinct name="McKeesport Ward 2" votes="0" />
                <Precinct name="McKeesport Ward 3 Dist 1" votes="0" />
                <Precinct name="McKeesport Ward 3 Dist 2" votes="0" />
                <Precinct name="McKeesport Ward 4" votes="0" />
                <Precinct name="McKeesport Ward 5" votes="1" />
                <Precinct name="McKeesport Ward 6 Dist 1" votes="1" />
                <Precinct name="McKeesport Ward 6 Dist 2" votes="0" />
                <Precinct name="McKeesport Ward 7 Dist 1" votes="1" />
                <Precinct name="McKeesport Ward 7 Dist 2" votes="1" />
                <Precinct name="McKeesport Ward 7 Dist 3" votes="0" />
                <Precinct name="McKeesport Ward 7 Dist 4" votes="1" />
                <Precinct name="McKeesport Ward 7 Dist 5" votes="0" />
                <Precinct name="McKeesport Ward 7 Dist 6" votes="0" />
                <Precinct name="McKeesport Ward 7 Dist 7" votes="0" />
                <Precinct name="McKeesport Ward 8 Dist 1" votes="1" />
                <Precinct name="McKeesport Ward 8 Dist 2" votes="3" />
                <Precinct name="McKeesport Ward 8 Dist 3" votes="1" />
                <Precinct name="McKeesport Ward 8 Dist 4" votes="0" />
                <Precinct name="McKeesport Ward 8 Dist 5" votes="0" />
                <Precinct name="McKeesport Ward 8 Dist 6" votes="0" />
                <Precinct name="McKeesport Ward 9 Dist 1" votes="0" />
                <Precinct name="McKeesport Ward 9 Dist 2" votes="0" />
                <Precinct name="McKeesport Ward 9 Dist 3" votes="0" />
                <Precinct name="McKeesport Ward 10 Dist 1" votes="1" />
                <Precinct name="McKeesport Ward 10 Dist 2" votes="0" />
                <Precinct name="McKeesport Ward 11 Dist 1" votes="0" />
                <Precinct name="McKeesport Ward 11 Dist 2" votes="0" />
                <Precinct name="McKeesport Ward 11 Dist 3" votes="0" />
                <Precinct name="McKeesport Ward 12 Dist 1" votes="0" />
                <Precinct name="McKeesport Ward 12 Dist 2" votes="0" />
                <Precinct name="McKeesport Ward 12 Dist 3" votes="1" />
                <Precinct name="Munhall Dist 1" votes="0" />
                <Precinct name="Munhall Dist 2" votes="0" />
                <Precinct name="Munhall Dist 3" votes="1" />
                <Precinct name="Munhall Dist 4" votes="1" />
                <Precinct name="Munhall Dist 5" votes="0" />
                <Precinct name="Munhall Dist 6" votes="0" />
                <Precinct name="Munhall Dist 7" votes="1" />
                <Precinct name="Munhall Dist 8" votes="0" />
                <Precinct name="Munhall Dist 9" votes="0" />
                <Precinct name="Munhall Dist 10" votes="0" />
                <Precinct name="Munhall Dist 11" votes="0" />
                <Precinct name="Munhall Dist 12" votes="0" />
                <Precinct name="Port Vue Dist 1" votes="0" />
                <Precinct name="Port Vue Dist 2" votes="0" />
                <Precinct name="Port Vue Dist 3" votes="0" />
                <Precinct name="Port Vue Dist 4" votes="1" />
                <Precinct name="S Versailles" votes="1" />
                <Precinct name="Versailles Dist 1" votes="0" />
                <Precinct name="Versailles Dist 2" votes="0" />
                <Precinct name="W Homestead Dist 1" votes="0" />
                <Precinct name="W Homestead Dist 2" votes="0" />
                <Precinct name="W Homestead Dist 3" votes="0" />
                <Precinct name="West Mifflin Dist 3" votes="0" />
                <Precinct name="West Mifflin Dist 4" votes="0" />
                <Precinct name="West Mifflin Dist 15" votes="0" />
                <Precinct name="Whitaker Dist 1" votes="0" />
                <Precinct name="Whitaker Dist 2" votes="0" />
                <Precinct name="White Oak Dist 1" votes="0" />
                <Precinct name="White Oak Dist 2" votes="0" />
                <Precinct name="White Oak Dist 3" votes="0" />
                <Precinct name="White Oak Dist 4" votes="1" />
                <Precinct name="White Oak Dist 5" votes="0" />
                <Precinct name="White Oak Dist 6" votes="0" />
                <Precinct name="White Oak Dist 7" votes="0" />
            </VoteType>
            <VoteType name="Provisional" votes="0">
                <Precinct name="Clairton Ward 1 Dist 1" votes="0" />
                <Precinct name="Clairton Ward 1 Dist 2" votes="0" />
                <Precinct name="Clairton Ward 1 Dist 3" votes="0" />
                <Precinct name="Clairton Ward 2 Dist 1" votes="0" />
                <Precinct name="Clairton Ward 2 Dist 2" votes="0" />
                <Precinct name="Clairton Ward 2 Dist 3" votes="0" />
                <Precinct name="Clairton Ward 3 Dist 1" votes="0" />
                <Precinct name="Clairton Ward 3 Dist 2" votes="0" />
                <Precinct name="Clairton Ward 3 Dist 3" votes="0" />
                <Precinct name="Clairton Ward 4 Dist 1" votes="0" />
                <Precinct name="Clairton Ward 4 Dist 2" votes="0" />
                <Precinct name="Clairton Ward 4 Dist 3" votes="0" />
                <Precinct name="Duquesne Ward 1 Dist 1" votes="0" />
                <Precinct name="Duquesne Ward 1 Dist 2" votes="0" />
                <Precinct name="Duquesne Ward 1 Dist 3" votes="0" />
                <Precinct name="Duquesne Ward 1 Dist 4" votes="0" />
                <Precinct name="Duquesne Ward 2 Dist 1" votes="0" />
                <Precinct name="Duquesne Ward 2 Dist 2" votes="0" />
                <Precinct name="Duquesne Ward 2 Dist 3" votes="0" />
                <Precinct name="Duquesne Ward 3 Dist 1" votes="0" />
                <Precinct name="Duquesne Ward 3 Dist 2" votes="0" />
                <Precinct name="Duquesne Ward 3 Dist 3" votes="0" />
                <Precinct name="Homestead Ward 1 Dist 1" votes="0" />
                <Precinct name="Homestead Ward 1 Dist 2" votes="0" />
                <Precinct name="Homestead Ward 2 Dist 1" votes="0" />
                <Precinct name="Homestead Ward 2 Dist 2" votes="0" />
                <Precinct name="Homestead Ward 3 Dist 1" votes="0" />
                <Precinct name="Homestead Ward 3 Dist 2" votes="0" />
                <Precinct name="Liberty Dist 1" votes="0" />
                <Precinct name="Liberty Dist 2" votes="0" />
                <Precinct name="Lincoln" votes="0" />
                <Precinct name="McKeesport Ward 1" votes="0" />
                <Precinct name="McKeesport Ward 2" votes="0" />
                <Precinct name="McKeesport Ward 3 Dist 1" votes="0" />
                <Precinct name="McKeesport Ward 3 Dist 2" votes="0" />
                <Precinct name="McKeesport Ward 4" votes="0" />
                <Precinct name="McKeesport Ward 5" votes="0" />
                <Precinct name="McKeesport Ward 6 Dist 1" votes="0" />
                <Precinct name="McKeesport Ward 6 Dist 2" votes="0" />
                <Precinct name="McKeesport Ward 7 Dist 1" votes="0" />
                <Precinct name="McKeesport Ward 7 Dist 2" votes="0" />
                <Precinct name="McKeesport Ward 7 Dist 3" votes="0" />
                <Precinct name="McKeesport Ward 7 Dist 4" votes="0" />
                <Precinct name="McKeesport Ward 7 Dist 5" votes="0" />
                <Precinct name="McKeesport Ward 7 Dist 6" votes="0" />
                <Precinct name="McKeesport Ward 7 Dist 7" votes="0" />
                <Precinct name="McKeesport Ward 8 Dist 1" votes="0" />
                <Precinct name="McKeesport Ward 8 Dist 2" votes="0" />
                <Precinct name="McKeesport Ward 8 Dist 3" votes="0" />
                <Precinct name="McKeesport Ward 8 Dist 4" votes="0" />
                <Precinct name="McKeesport Ward 8 Dist 5" votes="0" />
                <Precinct name="McKeesport Ward 8 Dist 6" votes="0" />
                <Precinct name="McKeesport Ward 9 Dist 1" votes="0" />
                <Precinct name="McKeesport Ward 9 Dist 2" votes="0" />
                <Precinct name="McKeesport Ward 9 Dist 3" votes="0" />
                <Precinct name="McKeesport Ward 10 Dist 1" votes="0" />
                <Precinct name="McKeesport Ward 10 Dist 2" votes="0" />
                <Precinct name="McKeesport Ward 11 Dist 1" votes="0" />
                <Precinct name="McKeesport Ward 11 Dist 2" votes="0" />
                <Precinct name="McKeesport Ward 11 Dist 3" votes="0" />
                <Precinct name="McKeesport Ward 12 Dist 1" votes="0" />
                <Precinct name="McKeesport Ward 12 Dist 2" votes="0" />
                <Precinct name="McKeesport Ward 12 Dist 3" votes="0" />
                <Precinct name="Munhall Dist 1" votes="0" />
                <Precinct name="Munhall Dist 2" votes="0" />
                <Precinct name="Munhall Dist 3" votes="0" />
                <Precinct name="Munhall Dist 4" votes="0" />
                <Precinct name="Munhall Dist 5" votes="0" />
                <Precinct name="Munhall Dist 6" votes="0" />
                <Precinct name="Munhall Dist 7" votes="0" />
                <Precinct name="Munhall Dist 8" votes="0" />
                <Precinct name="Munhall Dist 9" votes="0" />
                <Precinct name="Munhall Dist 10" votes="0" />
                <Precinct name="Munhall Dist 11" votes="0" />
                <Precinct name="Munhall Dist 12" votes="0" />
                <Precinct name="Port Vue Dist 1" votes="0" />
                <Precinct name="Port Vue Dist 2" votes="0" />
                <Precinct name="Port Vue Dist 3" votes="0" />
                <Precinct name="Port Vue Dist 4" votes="0" />
                <Precinct name="S Versailles" votes="0" />
                <Precinct name="Versailles Dist 1" votes="0" />
                <Precinct name="Versailles Dist 2" votes="0" />
                <Precinct name="W Homestead Dist 1" votes="0" />
                <Precinct name="W Homestead Dist 2" votes="0" />
                <Precinct name="W Homestead Dist 3" votes="0" />
                <Precinct name="West Mifflin Dist 3" votes="0" />
                <Precinct name="West Mifflin Dist 4" votes="0" />
                <Precinct name="West Mifflin Dist 15" votes="0" />
                <Precinct name="Whitaker Dist 1" votes="0" />
                <Precinct name="Whitaker Dist 2" votes="0" />
                <Precinct name="White Oak Dist 1" votes="0" />
                <Precinct name="White Oak Dist 2" votes="0" />
                <Precinct name="White Oak Dist 3" votes="0" />
                <Precinct name="White Oak Dist 4" votes="0" />
                <Precinct name="White Oak Dist 5" votes="0" />
                <Precinct name="White Oak Dist 6" votes="0" />
                <Precinct name="White Oak Dist 7" votes="0" />
            </VoteType>
        </Choice>
    </Contest>
</ElectionResult>