<?xml version="1.0"?>
<!--Election result snapshot imported from Tabulation System
-->
<ElectionResult>
    <Timestamp>10/2/2023 12:12:07 PM EDT</Timestamp>
    <ElectionName>2023 Special Election - PA 21st District</ElectionName>
    <ElectionDate>9/19/2023</ElectionDate>
    <Region>Allegheny</Region>
    <VoterTurnout totalVoters="47713" ballotsCast="11199" voterTurnout="23.47">
        <Precincts>
            <Precinct name="Etna Ward 1" totalVoters="787" ballotsCast="165" voterTurnout="20.97" percentReporting="4" />
            <Precinct name="Etna Ward 2" totalVoters="650" ballotsCast="110" voterTurnout="16.92" percentReporting="4" />
            <Precinct name="Etna Ward 3" totalVoters="695" ballotsCast="171" voterTurnout="24.60" percentReporting="4" />
            <Precinct name="Millvale Dist 1" totalVoters="470" ballotsCast="81" voterTurnout="17.23" percentReporting="4" />
            <Precinct name="Millvale Dist 2" totalVoters="449" ballotsCast="68" voterTurnout="15.14" percentReporting="4" />
            <Precinct name="Millvale Dist 3" totalVoters="417" ballotsCast="91" voterTurnout="21.82" percentReporting="4" />
            <Precinct name="Millvale Dist 4" totalVoters="430" ballotsCast="89" voterTurnout="20.70" percentReporting="4" />
            <Precinct name="Millvale Dist 5" totalVoters="495" ballotsCast="121" voterTurnout="24.44" percentReporting="4" />
            <Precinct name="Pittsburgh Ward 2 Dist 2" totalVoters="1905" ballotsCast="243" voterTurnout="12.76" percentReporting="4" />
            <Precinct name="Pittsburgh Ward 6 Dist 1" totalVoters="1312" ballotsCast="192" voterTurnout="14.63" percentReporting="4" />
            <Precinct name="Pittsburgh Ward 6 Dist 2" totalVoters="568" ballotsCast="113" voterTurnout="19.89" percentReporting="4" />
            <Precinct name="Pittsburgh Ward 6 Dist 3" totalVoters="720" ballotsCast="121" voterTurnout="16.81" percentReporting="4" />
            <Precinct name="Pittsburgh Ward 6 Dist 4" totalVoters="534" ballotsCast="114" voterTurnout="21.35" percentReporting="4" />
            <Precinct name="Pittsburgh Ward 6 Dist 5" totalVoters="482" ballotsCast="89" voterTurnout="18.46" percentReporting="4" />
            <Precinct name="Pittsburgh Ward 9 Dist 1" totalVoters="591" ballotsCast="90" voterTurnout="15.23" percentReporting="4" />
            <Precinct name="Pittsburgh Ward 9 Dist 2" totalVoters="582" ballotsCast="106" voterTurnout="18.21" percentReporting="4" />
            <Precinct name="Pittsburgh Ward 9 Dist 3" totalVoters="627" ballotsCast="111" voterTurnout="17.70" percentReporting="4" />
            <Precinct name="Pittsburgh Ward 9 Dist 4" totalVoters="621" ballotsCast="104" voterTurnout="16.75" percentReporting="4" />
            <Precinct name="Pittsburgh Ward 9 Dist 5" totalVoters="612" ballotsCast="145" voterTurnout="23.69" percentReporting="4" />
            <Precinct name="Pittsburgh Ward 9 Dist 6" totalVoters="538" ballotsCast="153" voterTurnout="28.44" percentReporting="4" />
            <Precinct name="Pittsburgh Ward 9 Dist 7" totalVoters="395" ballotsCast="85" voterTurnout="21.52" percentReporting="4" />
            <Precinct name="Pittsburgh Ward 9 Dist 8" totalVoters="689" ballotsCast="115" voterTurnout="16.69" percentReporting="4" />
            <Precinct name="Pittsburgh Ward 9 Dist 9" totalVoters="570" ballotsCast="84" voterTurnout="14.74" percentReporting="4" />
            <Precinct name="Pittsburgh Ward 10 Dist 1" totalVoters="637" ballotsCast="129" voterTurnout="20.25" percentReporting="4" />
            <Precinct name="Pittsburgh Ward 10 Dist 2" totalVoters="668" ballotsCast="117" voterTurnout="17.51" percentReporting="4" />
            <Precinct name="Pittsburgh Ward 10 Dist 3" totalVoters="670" ballotsCast="116" voterTurnout="17.31" percentReporting="4" />
            <Precinct name="Pittsburgh Ward 10 Dist 4" totalVoters="519" ballotsCast="172" voterTurnout="33.14" percentReporting="4" />
            <Precinct name="Pittsburgh Ward 10 Dist 5" totalVoters="472" ballotsCast="124" voterTurnout="26.27" percentReporting="4" />
            <Precinct name="Pittsburgh Ward 10 Dist 6" totalVoters="465" ballotsCast="103" voterTurnout="22.15" percentReporting="4" />
            <Precinct name="Pittsburgh Ward 10 Dist 7" totalVoters="581" ballotsCast="134" voterTurnout="23.06" percentReporting="4" />
            <Precinct name="Pittsburgh Ward 10 Dist 10" totalVoters="579" ballotsCast="173" voterTurnout="29.88" percentReporting="4" />
            <Precinct name="Pittsburgh Ward 23 Dist 1" totalVoters="1198" ballotsCast="135" voterTurnout="11.27" percentReporting="4" />
            <Precinct name="Pittsburgh Ward 23 Dist 3" totalVoters="338" ballotsCast="50" voterTurnout="14.79" percentReporting="4" />
            <Precinct name="Pittsburgh Ward 24 Dist 1" totalVoters="377" ballotsCast="75" voterTurnout="19.89" percentReporting="4" />
            <Precinct name="Pittsburgh Ward 24 Dist 2" totalVoters="411" ballotsCast="79" voterTurnout="19.22" percentReporting="4" />
            <Precinct name="Pittsburgh Ward 24 Dist 3" totalVoters="302" ballotsCast="53" voterTurnout="17.55" percentReporting="4" />
            <Precinct name="Pittsburgh Ward 24 Dist 4" totalVoters="526" ballotsCast="140" voterTurnout="26.62" percentReporting="4" />
            <Precinct name="Pittsburgh Ward 24 Dist 5" totalVoters="459" ballotsCast="77" voterTurnout="16.78" percentReporting="4" />
            <Precinct name="Pittsburgh Ward 24 Dist 6" totalVoters="526" ballotsCast="87" voterTurnout="16.54" percentReporting="4" />
            <Precinct name="Pittsburgh Ward 26 Dist 9" totalVoters="340" ballotsCast="96" voterTurnout="28.24" percentReporting="4" />
            <Precinct name="Pittsburgh Ward 26 Dist 17" totalVoters="183" ballotsCast="23" voterTurnout="12.57" percentReporting="4" />
            <Precinct name="Reserve Ward 1" totalVoters="505" ballotsCast="133" voterTurnout="26.34" percentReporting="4" />
            <Precinct name="Reserve Ward 2" totalVoters="540" ballotsCast="153" voterTurnout="28.33" percentReporting="4" />
            <Precinct name="Reserve Ward 3" totalVoters="522" ballotsCast="129" voterTurnout="24.71" percentReporting="4" />
            <Precinct name="Reserve Ward 4" totalVoters="809" ballotsCast="227" voterTurnout="28.06" percentReporting="4" />
            <Precinct name="Shaler Ward 1 Dist 1" totalVoters="515" ballotsCast="134" voterTurnout="26.02" percentReporting="4" />
            <Precinct name="Shaler Ward 1 Dist 2" totalVoters="499" ballotsCast="121" voterTurnout="24.25" percentReporting="4" />
            <Precinct name="Shaler Ward 1 Dist 3" totalVoters="557" ballotsCast="122" voterTurnout="21.90" percentReporting="4" />
            <Precinct name="Shaler Ward 1 Dist 4" totalVoters="582" ballotsCast="193" voterTurnout="33.16" percentReporting="4" />
            <Precinct name="Shaler Ward 1 Dist 5" totalVoters="610" ballotsCast="145" voterTurnout="23.77" percentReporting="4" />
            <Precinct name="Shaler Ward 2 Dist 1" totalVoters="1008" ballotsCast="293" voterTurnout="29.07" percentReporting="4" />
            <Precinct name="Shaler Ward 2 Dist 2" totalVoters="747" ballotsCast="217" voterTurnout="29.05" percentReporting="4" />
            <Precinct name="Shaler Ward 2 Dist 3" totalVoters="590" ballotsCast="141" voterTurnout="23.90" percentReporting="4" />
            <Precinct name="Shaler Ward 2 Dist 4" totalVoters="753" ballotsCast="225" voterTurnout="29.88" percentReporting="4" />
            <Precinct name="Shaler Ward 2 Dist 5" totalVoters="357" ballotsCast="91" voterTurnout="25.49" percentReporting="4" />
            <Precinct name="Shaler Ward 3 Dist 1" totalVoters="592" ballotsCast="195" voterTurnout="32.94" percentReporting="4" />
            <Precinct name="Shaler Ward 3 Dist 2" totalVoters="570" ballotsCast="172" voterTurnout="30.18" percentReporting="4" />
            <Precinct name="Shaler Ward 3 Dist 3" totalVoters="558" ballotsCast="148" voterTurnout="26.52" percentReporting="4" />
            <Precinct name="Shaler Ward 3 Dist 4" totalVoters="709" ballotsCast="204" voterTurnout="28.77" percentReporting="4" />
            <Precinct name="Shaler Ward 3 Dist 5" totalVoters="631" ballotsCast="233" voterTurnout="36.93" percentReporting="4" />
            <Precinct name="Shaler Ward 4 Dist 1" totalVoters="812" ballotsCast="234" voterTurnout="28.82" percentReporting="4" />
            <Precinct name="Shaler Ward 4 Dist 2" totalVoters="442" ballotsCast="90" voterTurnout="20.36" percentReporting="4" />
            <Precinct name="Shaler Ward 4 Dist 3" totalVoters="625" ballotsCast="195" voterTurnout="31.20" percentReporting="4" />
            <Precinct name="Shaler Ward 4 Dist 4" totalVoters="620" ballotsCast="173" voterTurnout="27.90" percentReporting="4" />
            <Precinct name="Shaler Ward 4 Dist 5" totalVoters="495" ballotsCast="136" voterTurnout="27.47" percentReporting="4" />
            <Precinct name="Shaler Ward 5 Dist 1" totalVoters="729" ballotsCast="182" voterTurnout="24.97" percentReporting="4" />
            <Precinct name="Shaler Ward 5 Dist 2" totalVoters="658" ballotsCast="213" voterTurnout="32.37" percentReporting="4" />
            <Precinct name="Shaler Ward 5 Dist 3" totalVoters="548" ballotsCast="180" voterTurnout="32.85" percentReporting="4" />
            <Precinct name="Shaler Ward 5 Dist 4" totalVoters="353" ballotsCast="100" voterTurnout="28.33" percentReporting="4" />
            <Precinct name="Shaler Ward 5 Dist 5" totalVoters="756" ballotsCast="221" voterTurnout="29.23" percentReporting="4" />
            <Precinct name="Shaler Ward 6 Dist 1" totalVoters="624" ballotsCast="169" voterTurnout="27.08" percentReporting="4" />
            <Precinct name="Shaler Ward 6 Dist 2" totalVoters="708" ballotsCast="188" voterTurnout="26.55" percentReporting="4" />
            <Precinct name="Shaler Ward 6 Dist 3" totalVoters="548" ballotsCast="174" voterTurnout="31.75" percentReporting="4" />
            <Precinct name="Shaler Ward 6 Dist 4" totalVoters="320" ballotsCast="100" voterTurnout="31.25" percentReporting="4" />
            <Precinct name="Shaler Ward 6 Dist 5" totalVoters="535" ballotsCast="185" voterTurnout="34.58" percentReporting="4" />
            <Precinct name="Shaler Ward 7 Dist 1" totalVoters="569" ballotsCast="145" voterTurnout="25.48" percentReporting="4" />
            <Precinct name="Shaler Ward 7 Dist 2" totalVoters="738" ballotsCast="199" voterTurnout="26.96" percentReporting="4" />
            <Precinct name="Shaler Ward 7 Dist 3" totalVoters="605" ballotsCast="145" voterTurnout="23.97" percentReporting="4" />
            <Precinct name="Shaler Ward 7 Dist 4" totalVoters="984" ballotsCast="250" voterTurnout="25.41" percentReporting="4" />
        </Precincts>
    </VoterTurnout>
    <Contest key="0004" text="Representative in the General Assembly, 21st District" voteFor="1" isQuestion="false" precinctsReporting="79" precinctsReported="79">
        <VoteType name="regVotersCounty" votes="0">
            <Precinct name="Etna Ward 1" votes="0" />
            <Precinct name="Etna Ward 2" votes="0" />
            <Precinct name="Etna Ward 3" votes="0" />
            <Precinct name="Millvale Dist 1" votes="0" />
            <Precinct name="Millvale Dist 2" votes="0" />
            <Precinct name="Millvale Dist 3" votes="0" />
            <Precinct name="Millvale Dist 4" votes="0" />
            <Precinct name="Millvale Dist 5" votes="0" />
            <Precinct name="Pittsburgh Ward 2 Dist 2" votes="0" />
            <Precinct name="Pittsburgh Ward 6 Dist 1" votes="0" />
            <Precinct name="Pittsburgh Ward 6 Dist 2" votes="0" />
            <Precinct name="Pittsburgh Ward 6 Dist 3" votes="0" />
            <Precinct name="Pittsburgh Ward 6 Dist 4" votes="0" />
            <Precinct name="Pittsburgh Ward 6 Dist 5" votes="0" />
            <Precinct name="Pittsburgh Ward 9 Dist 1" votes="0" />
            <Precinct name="Pittsburgh Ward 9 Dist 2" votes="0" />
            <Precinct name="Pittsburgh Ward 9 Dist 3" votes="0" />
            <Precinct name="Pittsburgh Ward 9 Dist 4" votes="0" />
            <Precinct name="Pittsburgh Ward 9 Dist 5" votes="0" />
            <Precinct name="Pittsburgh Ward 9 Dist 6" votes="0" />
            <Precinct name="Pittsburgh Ward 9 Dist 7" votes="0" />
            <Precinct name="Pittsburgh Ward 9 Dist 8" votes="0" />
            <Precinct name="Pittsburgh Ward 9 Dist 9" votes="0" />
            <Precinct name="Pittsburgh Ward 10 Dist 1" votes="0" />
            <Precinct name="Pittsburgh Ward 10 Dist 2" votes="0" />
            <Precinct name="Pittsburgh Ward 10 Dist 3" votes="0" />
            <Precinct name="Pittsburgh Ward 10 Dist 4" votes="0" />
            <Precinct name="Pittsburgh Ward 10 Dist 5" votes="0" />
            <Precinct name="Pittsburgh Ward 10 Dist 6" votes="0" />
            <Precinct name="Pittsburgh Ward 10 Dist 7" votes="0" />
            <Precinct name="Pittsburgh Ward 10 Dist 10" votes="0" />
            <Precinct name="Pittsburgh Ward 23 Dist 1" votes="0" />
            <Precinct name="Pittsburgh Ward 23 Dist 3" votes="0" />
            <Precinct name="Pittsburgh Ward 24 Dist 1" votes="0" />
            <Precinct name="Pittsburgh Ward 24 Dist 2" votes="0" />
            <Precinct name="Pittsburgh Ward 24 Dist 3" votes="0" />
            <Precinct name="Pittsburgh Ward 24 Dist 4" votes="0" />
            <Precinct name="Pittsburgh Ward 24 Dist 5" votes="0" />
            <Precinct name="Pittsburgh Ward 24 Dist 6" votes="0" />
            <Precinct name="Pittsburgh Ward 26 Dist 9" votes="0" />
            <Precinct name="Pittsburgh Ward 26 Dist 17" votes="0" />
            <Precinct name="Reserve Ward 1" votes="0" />
            <Precinct name="Reserve Ward 2" votes="0" />
            <Precinct name="Reserve Ward 3" votes="0" />
            <Precinct name="Reserve Ward 4" votes="0" />
            <Precinct name="Shaler Ward 1 Dist 1" votes="0" />
            <Precinct name="Shaler Ward 1 Dist 2" votes="0" />
            <Precinct name="Shaler Ward 1 Dist 3" votes="0" />
            <Precinct name="Shaler Ward 1 Dist 4" votes="0" />
            <Precinct name="Shaler Ward 1 Dist 5" votes="0" />
            <Precinct name="Shaler Ward 2 Dist 1" votes="0" />
            <Precinct name="Shaler Ward 2 Dist 2" votes="0" />
            <Precinct name="Shaler Ward 2 Dist 3" votes="0" />
            <Precinct name="Shaler Ward 2 Dist 4" votes="0" />
            <Precinct name="Shaler Ward 2 Dist 5" votes="0" />
            <Precinct name="Shaler Ward 3 Dist 1" votes="0" />
            <Precinct name="Shaler Ward 3 Dist 2" votes="0" />
            <Precinct name="Shaler Ward 3 Dist 3" votes="0" />
            <Precinct name="Shaler Ward 3 Dist 4" votes="0" />
            <Precinct name="Shaler Ward 3 Dist 5" votes="0" />
            <Precinct name="Shaler Ward 4 Dist 1" votes="0" />
            <Precinct name="Shaler Ward 4 Dist 2" votes="0" />
            <Precinct name="Shaler Ward 4 Dist 3" votes="0" />
            <Precinct name="Shaler Ward 4 Dist 4" votes="0" />
            <Precinct name="Shaler Ward 4 Dist 5" votes="0" />
            <Precinct name="Shaler Ward 5 Dist 1" votes="0" />
            <Precinct name="Shaler Ward 5 Dist 2" votes="0" />
            <Precinct name="Shaler Ward 5 Dist 3" votes="0" />
            <Precinct name="Shaler Ward 5 Dist 4" votes="0" />
            <Precinct name="Shaler Ward 5 Dist 5" votes="0" />
            <Precinct name="Shaler Ward 6 Dist 1" votes="0" />
            <Precinct name="Shaler Ward 6 Dist 2" votes="0" />
            <Precinct name="Shaler Ward 6 Dist 3" votes="0" />
            <Precinct name="Shaler Ward 6 Dist 4" votes="0" />
            <Precinct name="Shaler Ward 6 Dist 5" votes="0" />
            <Precinct name="Shaler Ward 7 Dist 1" votes="0" />
            <Precinct name="Shaler Ward 7 Dist 2" votes="0" />
            <Precinct name="Shaler Ward 7 Dist 3" votes="0" />
            <Precinct name="Shaler Ward 7 Dist 4" votes="0" />
        </VoteType>
        <Choice key="001" text="DEM Lindsay Powell" party="DEM" totalVotes="7318">
            <VoteType name="Election Day" votes="3920">
                <Precinct name="Etna Ward 1" votes="78" />
                <Precinct name="Etna Ward 2" votes="33" />
                <Precinct name="Etna Ward 3" votes="68" />
                <Precinct name="Millvale Dist 1" votes="34" />
                <Precinct name="Millvale Dist 2" votes="24" />
                <Precinct name="Millvale Dist 3" votes="40" />
                <Precinct name="Millvale Dist 4" votes="37" />
                <Precinct name="Millvale Dist 5" votes="50" />
                <Precinct name="Pittsburgh Ward 2 Dist 2" votes="65" />
                <Precinct name="Pittsburgh Ward 6 Dist 1" votes="84" />
                <Precinct name="Pittsburgh Ward 6 Dist 2" votes="60" />
                <Precinct name="Pittsburgh Ward 6 Dist 3" votes="59" />
                <Precinct name="Pittsburgh Ward 6 Dist 4" votes="61" />
                <Precinct name="Pittsburgh Ward 6 Dist 5" votes="39" />
                <Precinct name="Pittsburgh Ward 9 Dist 1" votes="40" />
                <Precinct name="Pittsburgh Ward 9 Dist 2" votes="60" />
                <Precinct name="Pittsburgh Ward 9 Dist 3" votes="61" />
                <Precinct name="Pittsburgh Ward 9 Dist 4" votes="58" />
                <Precinct name="Pittsburgh Ward 9 Dist 5" votes="57" />
                <Precinct name="Pittsburgh Ward 9 Dist 6" votes="85" />
                <Precinct name="Pittsburgh Ward 9 Dist 7" votes="31" />
                <Precinct name="Pittsburgh Ward 9 Dist 8" votes="52" />
                <Precinct name="Pittsburgh Ward 9 Dist 9" votes="29" />
                <Precinct name="Pittsburgh Ward 10 Dist 1" votes="71" />
                <Precinct name="Pittsburgh Ward 10 Dist 2" votes="64" />
                <Precinct name="Pittsburgh Ward 10 Dist 3" votes="78" />
                <Precinct name="Pittsburgh Ward 10 Dist 4" votes="95" />
                <Precinct name="Pittsburgh Ward 10 Dist 5" votes="60" />
                <Precinct name="Pittsburgh Ward 10 Dist 6" votes="51" />
                <Precinct name="Pittsburgh Ward 10 Dist 7" votes="48" />
                <Precinct name="Pittsburgh Ward 10 Dist 10" votes="95" />
                <Precinct name="Pittsburgh Ward 23 Dist 1" votes="54" />
                <Precinct name="Pittsburgh Ward 23 Dist 3" votes="23" />
                <Precinct name="Pittsburgh Ward 24 Dist 1" votes="27" />
                <Precinct name="Pittsburgh Ward 24 Dist 2" votes="27" />
                <Precinct name="Pittsburgh Ward 24 Dist 3" votes="22" />
                <Precinct name="Pittsburgh Ward 24 Dist 4" votes="57" />
                <Precinct name="Pittsburgh Ward 24 Dist 5" votes="29" />
                <Precinct name="Pittsburgh Ward 24 Dist 6" votes="34" />
                <Precinct name="Pittsburgh Ward 26 Dist 9" votes="38" />
                <Precinct name="Pittsburgh Ward 26 Dist 17" votes="8" />
                <Precinct name="Reserve Ward 1" votes="65" />
                <Precinct name="Reserve Ward 2" votes="58" />
                <Precinct name="Reserve Ward 3" votes="35" />
                <Precinct name="Reserve Ward 4" votes="42" />
                <Precinct name="Shaler Ward 1 Dist 1" votes="29" />
                <Precinct name="Shaler Ward 1 Dist 2" votes="45" />
                <Precinct name="Shaler Ward 1 Dist 3" votes="37" />
                <Precinct name="Shaler Ward 1 Dist 4" votes="66" />
                <Precinct name="Shaler Ward 1 Dist 5" votes="46" />
                <Precinct name="Shaler Ward 2 Dist 1" votes="64" />
                <Precinct name="Shaler Ward 2 Dist 2" votes="56" />
                <Precinct name="Shaler Ward 2 Dist 3" votes="57" />
                <Precinct name="Shaler Ward 2 Dist 4" votes="71" />
                <Precinct name="Shaler Ward 2 Dist 5" votes="25" />
                <Precinct name="Shaler Ward 3 Dist 1" votes="46" />
                <Precinct name="Shaler Ward 3 Dist 2" votes="49" />
                <Precinct name="Shaler Ward 3 Dist 3" votes="36" />
                <Precinct name="Shaler Ward 3 Dist 4" votes="48" />
                <Precinct name="Shaler Ward 3 Dist 5" votes="48" />
                <Precinct name="Shaler Ward 4 Dist 1" votes="65" />
                <Precinct name="Shaler Ward 4 Dist 2" votes="37" />
                <Precinct name="Shaler Ward 4 Dist 3" votes="59" />
                <Precinct name="Shaler Ward 4 Dist 4" votes="44" />
                <Precinct name="Shaler Ward 4 Dist 5" votes="50" />
                <Precinct name="Shaler Ward 5 Dist 1" votes="36" />
                <Precinct name="Shaler Ward 5 Dist 2" votes="74" />
                <Precinct name="Shaler Ward 5 Dist 3" votes="42" />
                <Precinct name="Shaler Ward 5 Dist 4" votes="21" />
                <Precinct name="Shaler Ward 5 Dist 5" votes="60" />
                <Precinct name="Shaler Ward 6 Dist 1" votes="49" />
                <Precinct name="Shaler Ward 6 Dist 2" votes="60" />
                <Precinct name="Shaler Ward 6 Dist 3" votes="40" />
                <Precinct name="Shaler Ward 6 Dist 4" votes="27" />
                <Precinct name="Shaler Ward 6 Dist 5" votes="48" />
                <Precinct name="Shaler Ward 7 Dist 1" votes="39" />
                <Precinct name="Shaler Ward 7 Dist 2" votes="67" />
                <Precinct name="Shaler Ward 7 Dist 3" votes="34" />
                <Precinct name="Shaler Ward 7 Dist 4" votes="59" />
            </VoteType>
            <VoteType name="Absentee" votes="3353">
                <Precinct name="Etna Ward 1" votes="34" />
                <Precinct name="Etna Ward 2" votes="37" />
                <Precinct name="Etna Ward 3" votes="34" />
                <Precinct name="Millvale Dist 1" votes="26" />
                <Precinct name="Millvale Dist 2" votes="20" />
                <Precinct name="Millvale Dist 3" votes="32" />
                <Precinct name="Millvale Dist 4" votes="22" />
                <Precinct name="Millvale Dist 5" votes="42" />
                <Precinct name="Pittsburgh Ward 2 Dist 2" votes="133" />
                <Precinct name="Pittsburgh Ward 6 Dist 1" votes="81" />
                <Precinct name="Pittsburgh Ward 6 Dist 2" votes="42" />
                <Precinct name="Pittsburgh Ward 6 Dist 3" votes="44" />
                <Precinct name="Pittsburgh Ward 6 Dist 4" votes="27" />
                <Precinct name="Pittsburgh Ward 6 Dist 5" votes="40" />
                <Precinct name="Pittsburgh Ward 9 Dist 1" votes="35" />
                <Precinct name="Pittsburgh Ward 9 Dist 2" votes="35" />
                <Precinct name="Pittsburgh Ward 9 Dist 3" votes="35" />
                <Precinct name="Pittsburgh Ward 9 Dist 4" votes="31" />
                <Precinct name="Pittsburgh Ward 9 Dist 5" votes="55" />
                <Precinct name="Pittsburgh Ward 9 Dist 6" votes="49" />
                <Precinct name="Pittsburgh Ward 9 Dist 7" votes="44" />
                <Precinct name="Pittsburgh Ward 9 Dist 8" votes="48" />
                <Precinct name="Pittsburgh Ward 9 Dist 9" votes="41" />
                <Precinct name="Pittsburgh Ward 10 Dist 1" votes="41" />
                <Precinct name="Pittsburgh Ward 10 Dist 2" votes="34" />
                <Precinct name="Pittsburgh Ward 10 Dist 3" votes="24" />
                <Precinct name="Pittsburgh Ward 10 Dist 4" votes="48" />
                <Precinct name="Pittsburgh Ward 10 Dist 5" votes="38" />
                <Precinct name="Pittsburgh Ward 10 Dist 6" votes="26" />
                <Precinct name="Pittsburgh Ward 10 Dist 7" votes="60" />
                <Precinct name="Pittsburgh Ward 10 Dist 10" votes="51" />
                <Precinct name="Pittsburgh Ward 23 Dist 1" votes="68" />
                <Precinct name="Pittsburgh Ward 23 Dist 3" votes="11" />
                <Precinct name="Pittsburgh Ward 24 Dist 1" votes="31" />
                <Precinct name="Pittsburgh Ward 24 Dist 2" votes="26" />
                <Precinct name="Pittsburgh Ward 24 Dist 3" votes="14" />
                <Precinct name="Pittsburgh Ward 24 Dist 4" votes="55" />
                <Precinct name="Pittsburgh Ward 24 Dist 5" votes="30" />
                <Precinct name="Pittsburgh Ward 24 Dist 6" votes="25" />
                <Precinct name="Pittsburgh Ward 26 Dist 9" votes="28" />
                <Precinct name="Pittsburgh Ward 26 Dist 17" votes="7" />
                <Precinct name="Reserve Ward 1" votes="29" />
                <Precinct name="Reserve Ward 2" votes="28" />
                <Precinct name="Reserve Ward 3" votes="35" />
                <Precinct name="Reserve Ward 4" votes="88" />
                <Precinct name="Shaler Ward 1 Dist 1" votes="38" />
                <Precinct name="Shaler Ward 1 Dist 2" votes="38" />
                <Precinct name="Shaler Ward 1 Dist 3" votes="36" />
                <Precinct name="Shaler Ward 1 Dist 4" votes="61" />
                <Precinct name="Shaler Ward 1 Dist 5" votes="39" />
                <Precinct name="Shaler Ward 2 Dist 1" votes="76" />
                <Precinct name="Shaler Ward 2 Dist 2" votes="58" />
                <Precinct name="Shaler Ward 2 Dist 3" votes="30" />
                <Precinct name="Shaler Ward 2 Dist 4" votes="47" />
                <Precinct name="Shaler Ward 2 Dist 5" votes="35" />
                <Precinct name="Shaler Ward 3 Dist 1" votes="63" />
                <Precinct name="Shaler Ward 3 Dist 2" votes="44" />
                <Precinct name="Shaler Ward 3 Dist 3" votes="33" />
                <Precinct name="Shaler Ward 3 Dist 4" votes="58" />
                <Precinct name="Shaler Ward 3 Dist 5" votes="54" />
                <Precinct name="Shaler Ward 4 Dist 1" votes="56" />
                <Precinct name="Shaler Ward 4 Dist 2" votes="20" />
                <Precinct name="Shaler Ward 4 Dist 3" votes="49" />
                <Precinct name="Shaler Ward 4 Dist 4" votes="44" />
                <Precinct name="Shaler Ward 4 Dist 5" votes="37" />
                <Precinct name="Shaler Ward 5 Dist 1" votes="47" />
                <Precinct name="Shaler Ward 5 Dist 2" votes="32" />
                <Precinct name="Shaler Ward 5 Dist 3" votes="61" />
                <Precinct name="Shaler Ward 5 Dist 4" votes="21" />
                <Precinct name="Shaler Ward 5 Dist 5" votes="46" />
                <Precinct name="Shaler Ward 6 Dist 1" votes="51" />
                <Precinct name="Shaler Ward 6 Dist 2" votes="41" />
                <Precinct name="Shaler Ward 6 Dist 3" votes="46" />
                <Precinct name="Shaler Ward 6 Dist 4" votes="35" />
                <Precinct name="Shaler Ward 6 Dist 5" votes="58" />
                <Precinct name="Shaler Ward 7 Dist 1" votes="54" />
                <Precinct name="Shaler Ward 7 Dist 2" votes="51" />
                <Precinct name="Shaler Ward 7 Dist 3" votes="45" />
                <Precinct name="Shaler Ward 7 Dist 4" votes="65" />
            </VoteType>
            <VoteType name="Provisional" votes="45">
                <Precinct name="Etna Ward 1" votes="1" />
                <Precinct name="Etna Ward 2" votes="1" />
                <Precinct name="Etna Ward 3" votes="0" />
                <Precinct name="Millvale Dist 1" votes="0" />
                <Precinct name="Millvale Dist 2" votes="1" />
                <Precinct name="Millvale Dist 3" votes="0" />
                <Precinct name="Millvale Dist 4" votes="0" />
                <Precinct name="Millvale Dist 5" votes="0" />
                <Precinct name="Pittsburgh Ward 2 Dist 2" votes="2" />
                <Precinct name="Pittsburgh Ward 6 Dist 1" votes="2" />
                <Precinct name="Pittsburgh Ward 6 Dist 2" votes="0" />
                <Precinct name="Pittsburgh Ward 6 Dist 3" votes="0" />
                <Precinct name="Pittsburgh Ward 6 Dist 4" votes="0" />
                <Precinct name="Pittsburgh Ward 6 Dist 5" votes="1" />
                <Precinct name="Pittsburgh Ward 9 Dist 1" votes="0" />
                <Precinct name="Pittsburgh Ward 9 Dist 2" votes="0" />
                <Precinct name="Pittsburgh Ward 9 Dist 3" votes="2" />
                <Precinct name="Pittsburgh Ward 9 Dist 4" votes="0" />
                <Precinct name="Pittsburgh Ward 9 Dist 5" votes="1" />
                <Precinct name="Pittsburgh Ward 9 Dist 6" votes="0" />
                <Precinct name="Pittsburgh Ward 9 Dist 7" votes="1" />
                <Precinct name="Pittsburgh Ward 9 Dist 8" votes="2" />
                <Precinct name="Pittsburgh Ward 9 Dist 9" votes="1" />
                <Precinct name="Pittsburgh Ward 10 Dist 1" votes="2" />
                <Precinct name="Pittsburgh Ward 10 Dist 2" votes="2" />
                <Precinct name="Pittsburgh Ward 10 Dist 3" votes="0" />
                <Precinct name="Pittsburgh Ward 10 Dist 4" votes="1" />
                <Precinct name="Pittsburgh Ward 10 Dist 5" votes="4" />
                <Precinct name="Pittsburgh Ward 10 Dist 6" votes="0" />
                <Precinct name="Pittsburgh Ward 10 Dist 7" votes="1" />
                <Precinct name="Pittsburgh Ward 10 Dist 10" votes="0" />
                <Precinct name="Pittsburgh Ward 23 Dist 1" votes="1" />
                <Precinct name="Pittsburgh Ward 23 Dist 3" votes="0" />
                <Precinct name="Pittsburgh Ward 24 Dist 1" votes="0" />
                <Precinct name="Pittsburgh Ward 24 Dist 2" votes="0" />
                <Precinct name="Pittsburgh Ward 24 Dist 3" votes="0" />
                <Precinct name="Pittsburgh Ward 24 Dist 4" votes="0" />
                <Precinct name="Pittsburgh Ward 24 Dist 5" votes="0" />
                <Precinct name="Pittsburgh Ward 24 Dist 6" votes="2" />
                <Precinct name="Pittsburgh Ward 26 Dist 9" votes="0" />
                <Precinct name="Pittsburgh Ward 26 Dist 17" votes="2" />
                <Precinct name="Reserve Ward 1" votes="1" />
                <Precinct name="Reserve Ward 2" votes="0" />
                <Precinct name="Reserve Ward 3" votes="1" />
                <Precinct name="Reserve Ward 4" votes="0" />
                <Precinct name="Shaler Ward 1 Dist 1" votes="1" />
                <Precinct name="Shaler Ward 1 Dist 2" votes="0" />
                <Precinct name="Shaler Ward 1 Dist 3" votes="0" />
                <Precinct name="Shaler Ward 1 Dist 4" votes="0" />
                <Precinct name="Shaler Ward 1 Dist 5" votes="0" />
                <Precinct name="Shaler Ward 2 Dist 1" votes="0" />
                <Precinct name="Shaler Ward 2 Dist 2" votes="1" />
                <Precinct name="Shaler Ward 2 Dist 3" votes="0" />
                <Precinct name="Shaler Ward 2 Dist 4" votes="0" />
                <Precinct name="Shaler Ward 2 Dist 5" votes="0" />
                <Precinct name="Shaler Ward 3 Dist 1" votes="0" />
                <Precinct name="Shaler Ward 3 Dist 2" votes="1" />
                <Precinct name="Shaler Ward 3 Dist 3" votes="1" />
                <Precinct name="Shaler Ward 3 Dist 4" votes="0" />
                <Precinct name="Shaler Ward 3 Dist 5" votes="0" />
                <Precinct name="Shaler Ward 4 Dist 1" votes="0" />
                <Precinct name="Shaler Ward 4 Dist 2" votes="0" />
                <Precinct name="Shaler Ward 4 Dist 3" votes="0" />
                <Precinct name="Shaler Ward 4 Dist 4" votes="1" />
                <Precinct name="Shaler Ward 4 Dist 5" votes="0" />
                <Precinct name="Shaler Ward 5 Dist 1" votes="1" />
                <Precinct name="Shaler Ward 5 Dist 2" votes="0" />
                <Precinct name="Shaler Ward 5 Dist 3" votes="1" />
                <Precinct name="Shaler Ward 5 Dist 4" votes="0" />
                <Precinct name="Shaler Ward 5 Dist 5" votes="1" />
                <Precinct name="Shaler Ward 6 Dist 1" votes="1" />
                <Precinct name="Shaler Ward 6 Dist 2" votes="0" />
                <Precinct name="Shaler Ward 6 Dist 3" votes="2" />
                <Precinct name="Shaler Ward 6 Dist 4" votes="1" />
                <Precinct name="Shaler Ward 6 Dist 5" votes="1" />
                <Precinct name="Shaler Ward 7 Dist 1" votes="0" />
                <Precinct name="Shaler Ward 7 Dist 2" votes="0" />
                <Precinct name="Shaler Ward 7 Dist 3" votes="0" />
                <Precinct name="Shaler Ward 7 Dist 4" votes="0" />
            </VoteType>
        </Choice>
        <Choice key="002" text="REP Erin Connolly Autenreith" party="REP" totalVotes="3848">
            <VoteType name="Election Day" votes="3138">
                <Precinct name="Etna Ward 1" votes="35" />
                <Precinct name="Etna Ward 2" votes="31" />
                <Precinct name="Etna Ward 3" votes="53" />
                <Precinct name="Millvale Dist 1" votes="16" />
                <Precinct name="Millvale Dist 2" votes="19" />
                <Precinct name="Millvale Dist 3" votes="15" />
                <Precinct name="Millvale Dist 4" votes="26" />
                <Precinct name="Millvale Dist 5" votes="22" />
                <Precinct name="Pittsburgh Ward 2 Dist 2" votes="27" />
                <Precinct name="Pittsburgh Ward 6 Dist 1" votes="20" />
                <Precinct name="Pittsburgh Ward 6 Dist 2" votes="3" />
                <Precinct name="Pittsburgh Ward 6 Dist 3" votes="15" />
                <Precinct name="Pittsburgh Ward 6 Dist 4" votes="15" />
                <Precinct name="Pittsburgh Ward 6 Dist 5" votes="2" />
                <Precinct name="Pittsburgh Ward 9 Dist 1" votes="11" />
                <Precinct name="Pittsburgh Ward 9 Dist 2" votes="9" />
                <Precinct name="Pittsburgh Ward 9 Dist 3" votes="10" />
                <Precinct name="Pittsburgh Ward 9 Dist 4" votes="10" />
                <Precinct name="Pittsburgh Ward 9 Dist 5" votes="24" />
                <Precinct name="Pittsburgh Ward 9 Dist 6" votes="16" />
                <Precinct name="Pittsburgh Ward 9 Dist 7" votes="8" />
                <Precinct name="Pittsburgh Ward 9 Dist 8" votes="10" />
                <Precinct name="Pittsburgh Ward 9 Dist 9" votes="6" />
                <Precinct name="Pittsburgh Ward 10 Dist 1" votes="11" />
                <Precinct name="Pittsburgh Ward 10 Dist 2" votes="15" />
                <Precinct name="Pittsburgh Ward 10 Dist 3" votes="8" />
                <Precinct name="Pittsburgh Ward 10 Dist 4" votes="22" />
                <Precinct name="Pittsburgh Ward 10 Dist 5" votes="17" />
                <Precinct name="Pittsburgh Ward 10 Dist 6" votes="17" />
                <Precinct name="Pittsburgh Ward 10 Dist 7" votes="18" />
                <Precinct name="Pittsburgh Ward 10 Dist 10" votes="22" />
                <Precinct name="Pittsburgh Ward 23 Dist 1" votes="9" />
                <Precinct name="Pittsburgh Ward 23 Dist 3" votes="13" />
                <Precinct name="Pittsburgh Ward 24 Dist 1" votes="5" />
                <Precinct name="Pittsburgh Ward 24 Dist 2" votes="19" />
                <Precinct name="Pittsburgh Ward 24 Dist 3" votes="9" />
                <Precinct name="Pittsburgh Ward 24 Dist 4" votes="18" />
                <Precinct name="Pittsburgh Ward 24 Dist 5" votes="14" />
                <Precinct name="Pittsburgh Ward 24 Dist 6" votes="18" />
                <Precinct name="Pittsburgh Ward 26 Dist 9" votes="15" />
                <Precinct name="Pittsburgh Ward 26 Dist 17" votes="3" />
                <Precinct name="Reserve Ward 1" votes="35" />
                <Precinct name="Reserve Ward 2" votes="48" />
                <Precinct name="Reserve Ward 3" votes="49" />
                <Precinct name="Reserve Ward 4" votes="78" />
                <Precinct name="Shaler Ward 1 Dist 1" votes="54" />
                <Precinct name="Shaler Ward 1 Dist 2" votes="35" />
                <Precinct name="Shaler Ward 1 Dist 3" votes="41" />
                <Precinct name="Shaler Ward 1 Dist 4" votes="56" />
                <Precinct name="Shaler Ward 1 Dist 5" votes="44" />
                <Precinct name="Shaler Ward 2 Dist 1" votes="126" />
                <Precinct name="Shaler Ward 2 Dist 2" votes="84" />
                <Precinct name="Shaler Ward 2 Dist 3" votes="42" />
                <Precinct name="Shaler Ward 2 Dist 4" votes="98" />
                <Precinct name="Shaler Ward 2 Dist 5" votes="23" />
                <Precinct name="Shaler Ward 3 Dist 1" votes="70" />
                <Precinct name="Shaler Ward 3 Dist 2" votes="63" />
                <Precinct name="Shaler Ward 3 Dist 3" votes="66" />
                <Precinct name="Shaler Ward 3 Dist 4" votes="86" />
                <Precinct name="Shaler Ward 3 Dist 5" votes="107" />
                <Precinct name="Shaler Ward 4 Dist 1" votes="105" />
                <Precinct name="Shaler Ward 4 Dist 2" votes="24" />
                <Precinct name="Shaler Ward 4 Dist 3" votes="73" />
                <Precinct name="Shaler Ward 4 Dist 4" votes="64" />
                <Precinct name="Shaler Ward 4 Dist 5" votes="39" />
                <Precinct name="Shaler Ward 5 Dist 1" votes="89" />
                <Precinct name="Shaler Ward 5 Dist 2" votes="96" />
                <Precinct name="Shaler Ward 5 Dist 3" votes="63" />
                <Precinct name="Shaler Ward 5 Dist 4" votes="48" />
                <Precinct name="Shaler Ward 5 Dist 5" votes="92" />
                <Precinct name="Shaler Ward 6 Dist 1" votes="61" />
                <Precinct name="Shaler Ward 6 Dist 2" votes="78" />
                <Precinct name="Shaler Ward 6 Dist 3" votes="77" />
                <Precinct name="Shaler Ward 6 Dist 4" votes="28" />
                <Precinct name="Shaler Ward 6 Dist 5" votes="74" />
                <Precinct name="Shaler Ward 7 Dist 1" votes="38" />
                <Precinct name="Shaler Ward 7 Dist 2" votes="64" />
                <Precinct name="Shaler Ward 7 Dist 3" votes="55" />
                <Precinct name="Shaler Ward 7 Dist 4" votes="109" />
            </VoteType>
            <VoteType name="Absentee" votes="697">
                <Precinct name="Etna Ward 1" votes="14" />
                <Precinct name="Etna Ward 2" votes="7" />
                <Precinct name="Etna Ward 3" votes="14" />
                <Precinct name="Millvale Dist 1" votes="5" />
                <Precinct name="Millvale Dist 2" votes="3" />
                <Precinct name="Millvale Dist 3" votes="4" />
                <Precinct name="Millvale Dist 4" votes="4" />
                <Precinct name="Millvale Dist 5" votes="6" />
                <Precinct name="Pittsburgh Ward 2 Dist 2" votes="16" />
                <Precinct name="Pittsburgh Ward 6 Dist 1" votes="5" />
                <Precinct name="Pittsburgh Ward 6 Dist 2" votes="5" />
                <Precinct name="Pittsburgh Ward 6 Dist 3" votes="3" />
                <Precinct name="Pittsburgh Ward 6 Dist 4" votes="10" />
                <Precinct name="Pittsburgh Ward 6 Dist 5" votes="7" />
                <Precinct name="Pittsburgh Ward 9 Dist 1" votes="4" />
                <Precinct name="Pittsburgh Ward 9 Dist 2" votes="2" />
                <Precinct name="Pittsburgh Ward 9 Dist 3" votes="2" />
                <Precinct name="Pittsburgh Ward 9 Dist 4" votes="5" />
                <Precinct name="Pittsburgh Ward 9 Dist 5" votes="7" />
                <Precinct name="Pittsburgh Ward 9 Dist 6" votes="0" />
                <Precinct name="Pittsburgh Ward 9 Dist 7" votes="1" />
                <Precinct name="Pittsburgh Ward 9 Dist 8" votes="3" />
                <Precinct name="Pittsburgh Ward 9 Dist 9" votes="7" />
                <Precinct name="Pittsburgh Ward 10 Dist 1" votes="4" />
                <Precinct name="Pittsburgh Ward 10 Dist 2" votes="1" />
                <Precinct name="Pittsburgh Ward 10 Dist 3" votes="6" />
                <Precinct name="Pittsburgh Ward 10 Dist 4" votes="6" />
                <Precinct name="Pittsburgh Ward 10 Dist 5" votes="5" />
                <Precinct name="Pittsburgh Ward 10 Dist 6" votes="9" />
                <Precinct name="Pittsburgh Ward 10 Dist 7" votes="6" />
                <Precinct name="Pittsburgh Ward 10 Dist 10" votes="5" />
                <Precinct name="Pittsburgh Ward 23 Dist 1" votes="3" />
                <Precinct name="Pittsburgh Ward 23 Dist 3" votes="3" />
                <Precinct name="Pittsburgh Ward 24 Dist 1" votes="11" />
                <Precinct name="Pittsburgh Ward 24 Dist 2" votes="7" />
                <Precinct name="Pittsburgh Ward 24 Dist 3" votes="8" />
                <Precinct name="Pittsburgh Ward 24 Dist 4" votes="9" />
                <Precinct name="Pittsburgh Ward 24 Dist 5" votes="4" />
                <Precinct name="Pittsburgh Ward 24 Dist 6" votes="7" />
                <Precinct name="Pittsburgh Ward 26 Dist 9" votes="15" />
                <Precinct name="Pittsburgh Ward 26 Dist 17" votes="3" />
                <Precinct name="Reserve Ward 1" votes="3" />
                <Precinct name="Reserve Ward 2" votes="19" />
                <Precinct name="Reserve Ward 3" votes="8" />
                <Precinct name="Reserve Ward 4" votes="18" />
                <Precinct name="Shaler Ward 1 Dist 1" votes="11" />
                <Precinct name="Shaler Ward 1 Dist 2" votes="3" />
                <Precinct name="Shaler Ward 1 Dist 3" votes="7" />
                <Precinct name="Shaler Ward 1 Dist 4" votes="10" />
                <Precinct name="Shaler Ward 1 Dist 5" votes="15" />
                <Precinct name="Shaler Ward 2 Dist 1" votes="25" />
                <Precinct name="Shaler Ward 2 Dist 2" votes="16" />
                <Precinct name="Shaler Ward 2 Dist 3" votes="12" />
                <Precinct name="Shaler Ward 2 Dist 4" votes="9" />
                <Precinct name="Shaler Ward 2 Dist 5" votes="7" />
                <Precinct name="Shaler Ward 3 Dist 1" votes="15" />
                <Precinct name="Shaler Ward 3 Dist 2" votes="12" />
                <Precinct name="Shaler Ward 3 Dist 3" votes="11" />
                <Precinct name="Shaler Ward 3 Dist 4" votes="12" />
                <Precinct name="Shaler Ward 3 Dist 5" votes="23" />
                <Precinct name="Shaler Ward 4 Dist 1" votes="8" />
                <Precinct name="Shaler Ward 4 Dist 2" votes="8" />
                <Precinct name="Shaler Ward 4 Dist 3" votes="14" />
                <Precinct name="Shaler Ward 4 Dist 4" votes="17" />
                <Precinct name="Shaler Ward 4 Dist 5" votes="10" />
                <Precinct name="Shaler Ward 5 Dist 1" votes="9" />
                <Precinct name="Shaler Ward 5 Dist 2" votes="11" />
                <Precinct name="Shaler Ward 5 Dist 3" votes="12" />
                <Precinct name="Shaler Ward 5 Dist 4" votes="9" />
                <Precinct name="Shaler Ward 5 Dist 5" votes="22" />
                <Precinct name="Shaler Ward 6 Dist 1" votes="7" />
                <Precinct name="Shaler Ward 6 Dist 2" votes="8" />
                <Precinct name="Shaler Ward 6 Dist 3" votes="9" />
                <Precinct name="Shaler Ward 6 Dist 4" votes="9" />
                <Precinct name="Shaler Ward 6 Dist 5" votes="4" />
                <Precinct name="Shaler Ward 7 Dist 1" votes="14" />
                <Precinct name="Shaler Ward 7 Dist 2" votes="17" />
                <Precinct name="Shaler Ward 7 Dist 3" votes="10" />
                <Precinct name="Shaler Ward 7 Dist 4" votes="17" />
            </VoteType>
            <VoteType name="Provisional" votes="13">
                <Precinct name="Etna Ward 1" votes="0" />
                <Precinct name="Etna Ward 2" votes="0" />
                <Precinct name="Etna Ward 3" votes="1" />
                <Precinct name="Millvale Dist 1" votes="0" />
                <Precinct name="Millvale Dist 2" votes="0" />
                <Precinct name="Millvale Dist 3" votes="0" />
                <Precinct name="Millvale Dist 4" votes="0" />
                <Precinct name="Millvale Dist 5" votes="0" />
                <Precinct name="Pittsburgh Ward 2 Dist 2" votes="0" />
                <Precinct name="Pittsburgh Ward 6 Dist 1" votes="0" />
                <Precinct name="Pittsburgh Ward 6 Dist 2" votes="1" />
                <Precinct name="Pittsburgh Ward 6 Dist 3" votes="0" />
                <Precinct name="Pittsburgh Ward 6 Dist 4" votes="0" />
                <Precinct name="Pittsburgh Ward 6 Dist 5" votes="0" />
                <Precinct name="Pittsburgh Ward 9 Dist 1" votes="0" />
                <Precinct name="Pittsburgh Ward 9 Dist 2" votes="0" />
                <Precinct name="Pittsburgh Ward 9 Dist 3" votes="0" />
                <Precinct name="Pittsburgh Ward 9 Dist 4" votes="0" />
                <Precinct name="Pittsburgh Ward 9 Dist 5" votes="0" />
                <Precinct name="Pittsburgh Ward 9 Dist 6" votes="0" />
                <Precinct name="Pittsburgh Ward 9 Dist 7" votes="0" />
                <Precinct name="Pittsburgh Ward 9 Dist 8" votes="0" />
                <Precinct name="Pittsburgh Ward 9 Dist 9" votes="0" />
                <Precinct name="Pittsburgh Ward 10 Dist 1" votes="0" />
                <Precinct name="Pittsburgh Ward 10 Dist 2" votes="0" />
                <Precinct name="Pittsburgh Ward 10 Dist 3" votes="0" />
                <Precinct name="Pittsburgh Ward 10 Dist 4" votes="0" />
                <Precinct name="Pittsburgh Ward 10 Dist 5" votes="0" />
                <Precinct name="Pittsburgh Ward 10 Dist 6" votes="0" />
                <Precinct name="Pittsburgh Ward 10 Dist 7" votes="0" />
                <Precinct name="Pittsburgh Ward 10 Dist 10" votes="0" />
                <Precinct name="Pittsburgh Ward 23 Dist 1" votes="0" />
                <Precinct name="Pittsburgh Ward 23 Dist 3" votes="0" />
                <Precinct name="Pittsburgh Ward 24 Dist 1" votes="0" />
                <Precinct name="Pittsburgh Ward 24 Dist 2" votes="0" />
                <Precinct name="Pittsburgh Ward 24 Dist 3" votes="0" />
                <Precinct name="Pittsburgh Ward 24 Dist 4" votes="0" />
                <Precinct name="Pittsburgh Ward 24 Dist 5" votes="0" />
                <Precinct name="Pittsburgh Ward 24 Dist 6" votes="0" />
                <Precinct name="Pittsburgh Ward 26 Dist 9" votes="0" />
                <Precinct name="Pittsburgh Ward 26 Dist 17" votes="0" />
                <Precinct name="Reserve Ward 1" votes="0" />
                <Precinct name="Reserve Ward 2" votes="0" />
                <Precinct name="Reserve Ward 3" votes="1" />
                <Precinct name="Reserve Ward 4" votes="0" />
                <Precinct name="Shaler Ward 1 Dist 1" votes="1" />
                <Precinct name="Shaler Ward 1 Dist 2" votes="0" />
                <Precinct name="Shaler Ward 1 Dist 3" votes="0" />
                <Precinct name="Shaler Ward 1 Dist 4" votes="0" />
                <Precinct name="Shaler Ward 1 Dist 5" votes="0" />
                <Precinct name="Shaler Ward 2 Dist 1" votes="1" />
                <Precinct name="Shaler Ward 2 Dist 2" votes="2" />
                <Precinct name="Shaler Ward 2 Dist 3" votes="0" />
                <Precinct name="Shaler Ward 2 Dist 4" votes="0" />
                <Precinct name="Shaler Ward 2 Dist 5" votes="0" />
                <Precinct name="Shaler Ward 3 Dist 1" votes="0" />
                <Precinct name="Shaler Ward 3 Dist 2" votes="1" />
                <Precinct name="Shaler Ward 3 Dist 3" votes="1" />
                <Precinct name="Shaler Ward 3 Dist 4" votes="0" />
                <Precinct name="Shaler Ward 3 Dist 5" votes="1" />
                <Precinct name="Shaler Ward 4 Dist 1" votes="0" />
                <Precinct name="Shaler Ward 4 Dist 2" votes="0" />
                <Precinct name="Shaler Ward 4 Dist 3" votes="0" />
                <Precinct name="Shaler Ward 4 Dist 4" votes="1" />
                <Precinct name="Shaler Ward 4 Dist 5" votes="0" />
                <Precinct name="Shaler Ward 5 Dist 1" votes="0" />
                <Precinct name="Shaler Ward 5 Dist 2" votes="0" />
                <Precinct name="Shaler Ward 5 Dist 3" votes="1" />
                <Precinct name="Shaler Ward 5 Dist 4" votes="0" />
                <Precinct name="Shaler Ward 5 Dist 5" votes="0" />
                <Precinct name="Shaler Ward 6 Dist 1" votes="0" />
                <Precinct name="Shaler Ward 6 Dist 2" votes="1" />
                <Precinct name="Shaler Ward 6 Dist 3" votes="0" />
                <Precinct name="Shaler Ward 6 Dist 4" votes="0" />
                <Precinct name="Shaler Ward 6 Dist 5" votes="0" />
                <Precinct name="Shaler Ward 7 Dist 1" votes="0" />
                <Precinct name="Shaler Ward 7 Dist 2" votes="0" />
                <Precinct name="Shaler Ward 7 Dist 3" votes="0" />
                <Precinct name="Shaler Ward 7 Dist 4" votes="0" />
            </VoteType>
        </Choice>
        <Choice key="003" text="Write-in" party="NON" totalVotes="27">
            <VoteType name="Election Day" votes="13">
                <Precinct name="Etna Ward 1" votes="1" />
                <Precinct name="Etna Ward 2" votes="0" />
                <Precinct name="Etna Ward 3" votes="0" />
                <Precinct name="Millvale Dist 1" votes="0" />
                <Precinct name="Millvale Dist 2" votes="1" />
                <Precinct name="Millvale Dist 3" votes="0" />
                <Precinct name="Millvale Dist 4" votes="0" />
                <Precinct name="Millvale Dist 5" votes="0" />
                <Precinct name="Pittsburgh Ward 2 Dist 2" votes="0" />
                <Precinct name="Pittsburgh Ward 6 Dist 1" votes="0" />
                <Precinct name="Pittsburgh Ward 6 Dist 2" votes="0" />
                <Precinct name="Pittsburgh Ward 6 Dist 3" votes="0" />
                <Precinct name="Pittsburgh Ward 6 Dist 4" votes="1" />
                <Precinct name="Pittsburgh Ward 6 Dist 5" votes="0" />
                <Precinct name="Pittsburgh Ward 9 Dist 1" votes="0" />
                <Precinct name="Pittsburgh Ward 9 Dist 2" votes="0" />
                <Precinct name="Pittsburgh Ward 9 Dist 3" votes="0" />
                <Precinct name="Pittsburgh Ward 9 Dist 4" votes="0" />
                <Precinct name="Pittsburgh Ward 9 Dist 5" votes="0" />
                <Precinct name="Pittsburgh Ward 9 Dist 6" votes="1" />
                <Precinct name="Pittsburgh Ward 9 Dist 7" votes="0" />
                <Precinct name="Pittsburgh Ward 9 Dist 8" votes="0" />
                <Precinct name="Pittsburgh Ward 9 Dist 9" votes="0" />
                <Precinct name="Pittsburgh Ward 10 Dist 1" votes="0" />
                <Precinct name="Pittsburgh Ward 10 Dist 2" votes="1" />
                <Precinct name="Pittsburgh Ward 10 Dist 3" votes="0" />
                <Precinct name="Pittsburgh Ward 10 Dist 4" votes="0" />
                <Precinct name="Pittsburgh Ward 10 Dist 5" votes="0" />
                <Precinct name="Pittsburgh Ward 10 Dist 6" votes="0" />
                <Precinct name="Pittsburgh Ward 10 Dist 7" votes="1" />
                <Precinct name="Pittsburgh Ward 10 Dist 10" votes="0" />
                <Precinct name="Pittsburgh Ward 23 Dist 1" votes="0" />
                <Precinct name="Pittsburgh Ward 23 Dist 3" votes="0" />
                <Precinct name="Pittsburgh Ward 24 Dist 1" votes="0" />
                <Precinct name="Pittsburgh Ward 24 Dist 2" votes="0" />
                <Precinct name="Pittsburgh Ward 24 Dist 3" votes="0" />
                <Precinct name="Pittsburgh Ward 24 Dist 4" votes="1" />
                <Precinct name="Pittsburgh Ward 24 Dist 5" votes="0" />
                <Precinct name="Pittsburgh Ward 24 Dist 6" votes="0" />
                <Precinct name="Pittsburgh Ward 26 Dist 9" votes="0" />
                <Precinct name="Pittsburgh Ward 26 Dist 17" votes="0" />
                <Precinct name="Reserve Ward 1" votes="0" />
                <Precinct name="Reserve Ward 2" votes="0" />
                <Precinct name="Reserve Ward 3" votes="0" />
                <Precinct name="Reserve Ward 4" votes="0" />
                <Precinct name="Shaler Ward 1 Dist 1" votes="0" />
                <Precinct name="Shaler Ward 1 Dist 2" votes="0" />
                <Precinct name="Shaler Ward 1 Dist 3" votes="0" />
                <Precinct name="Shaler Ward 1 Dist 4" votes="0" />
                <Precinct name="Shaler Ward 1 Dist 5" votes="0" />
                <Precinct name="Shaler Ward 2 Dist 1" votes="0" />
                <Precinct name="Shaler Ward 2 Dist 2" votes="0" />
                <Precinct name="Shaler Ward 2 Dist 3" votes="0" />
                <Precinct name="Shaler Ward 2 Dist 4" votes="0" />
                <Precinct name="Shaler Ward 2 Dist 5" votes="1" />
                <Precinct name="Shaler Ward 3 Dist 1" votes="0" />
                <Precinct name="Shaler Ward 3 Dist 2" votes="1" />
                <Precinct name="Shaler Ward 3 Dist 3" votes="0" />
                <Precinct name="Shaler Ward 3 Dist 4" votes="0" />
                <Precinct name="Shaler Ward 3 Dist 5" votes="0" />
                <Precinct name="Shaler Ward 4 Dist 1" votes="0" />
                <Precinct name="Shaler Ward 4 Dist 2" votes="1" />
                <Precinct name="Shaler Ward 4 Dist 3" votes="0" />
                <Precinct name="Shaler Ward 4 Dist 4" votes="2" />
                <Precinct name="Shaler Ward 4 Dist 5" votes="0" />
                <Precinct name="Shaler Ward 5 Dist 1" votes="0" />
                <Precinct name="Shaler Ward 5 Dist 2" votes="0" />
                <Precinct name="Shaler Ward 5 Dist 3" votes="0" />
                <Precinct name="Shaler Ward 5 Dist 4" votes="0" />
                <Precinct name="Shaler Ward 5 Dist 5" votes="0" />
                <Precinct name="Shaler Ward 6 Dist 1" votes="0" />
                <Precinct name="Shaler Ward 6 Dist 2" votes="0" />
                <Precinct name="Shaler Ward 6 Dist 3" votes="0" />
                <Precinct name="Shaler Ward 6 Dist 4" votes="0" />
                <Precinct name="Shaler Ward 6 Dist 5" votes="0" />
                <Precinct name="Shaler Ward 7 Dist 1" votes="0" />
                <Precinct name="Shaler Ward 7 Dist 2" votes="0" />
                <Precinct name="Shaler Ward 7 Dist 3" votes="1" />
                <Precinct name="Shaler Ward 7 Dist 4" votes="0" />
            </VoteType>
            <VoteType name="Absentee" votes="14">
                <Precinct name="Etna Ward 1" votes="2" />
                <Precinct name="Etna Ward 2" votes="1" />
                <Precinct name="Etna Ward 3" votes="0" />
                <Precinct name="Millvale Dist 1" votes="0" />
                <Precinct name="Millvale Dist 2" votes="0" />
                <Precinct name="Millvale Dist 3" votes="0" />
                <Precinct name="Millvale Dist 4" votes="0" />
                <Precinct name="Millvale Dist 5" votes="1" />
                <Precinct name="Pittsburgh Ward 2 Dist 2" votes="0" />
                <Precinct name="Pittsburgh Ward 6 Dist 1" votes="0" />
                <Precinct name="Pittsburgh Ward 6 Dist 2" votes="1" />
                <Precinct name="Pittsburgh Ward 6 Dist 3" votes="0" />
                <Precinct name="Pittsburgh Ward 6 Dist 4" votes="0" />
                <Precinct name="Pittsburgh Ward 6 Dist 5" votes="0" />
                <Precinct name="Pittsburgh Ward 9 Dist 1" votes="0" />
                <Precinct name="Pittsburgh Ward 9 Dist 2" votes="0" />
                <Precinct name="Pittsburgh Ward 9 Dist 3" votes="0" />
                <Precinct name="Pittsburgh Ward 9 Dist 4" votes="0" />
                <Precinct name="Pittsburgh Ward 9 Dist 5" votes="1" />
                <Precinct name="Pittsburgh Ward 9 Dist 6" votes="2" />
                <Precinct name="Pittsburgh Ward 9 Dist 7" votes="0" />
                <Precinct name="Pittsburgh Ward 9 Dist 8" votes="0" />
                <Precinct name="Pittsburgh Ward 9 Dist 9" votes="0" />
                <Precinct name="Pittsburgh Ward 10 Dist 1" votes="0" />
                <Precinct name="Pittsburgh Ward 10 Dist 2" votes="0" />
                <Precinct name="Pittsburgh Ward 10 Dist 3" votes="0" />
                <Precinct name="Pittsburgh Ward 10 Dist 4" votes="0" />
                <Precinct name="Pittsburgh Ward 10 Dist 5" votes="0" />
                <Precinct name="Pittsburgh Ward 10 Dist 6" votes="0" />
                <Precinct name="Pittsburgh Ward 10 Dist 7" votes="0" />
                <Precinct name="Pittsburgh Ward 10 Dist 10" votes="0" />
                <Precinct name="Pittsburgh Ward 23 Dist 1" votes="0" />
                <Precinct name="Pittsburgh Ward 23 Dist 3" votes="0" />
                <Precinct name="Pittsburgh Ward 24 Dist 1" votes="0" />
                <Precinct name="Pittsburgh Ward 24 Dist 2" votes="0" />
                <Precinct name="Pittsburgh Ward 24 Dist 3" votes="0" />
                <Precinct name="Pittsburgh Ward 24 Dist 4" votes="0" />
                <Precinct name="Pittsburgh Ward 24 Dist 5" votes="0" />
                <Precinct name="Pittsburgh Ward 24 Dist 6" votes="1" />
                <Precinct name="Pittsburgh Ward 26 Dist 9" votes="0" />
                <Precinct name="Pittsburgh Ward 26 Dist 17" votes="0" />
                <Precinct name="Reserve Ward 1" votes="0" />
                <Precinct name="Reserve Ward 2" votes="0" />
                <Precinct name="Reserve Ward 3" votes="0" />
                <Precinct name="Reserve Ward 4" votes="1" />
                <Precinct name="Shaler Ward 1 Dist 1" votes="0" />
                <Precinct name="Shaler Ward 1 Dist 2" votes="0" />
                <Precinct name="Shaler Ward 1 Dist 3" votes="1" />
                <Precinct name="Shaler Ward 1 Dist 4" votes="0" />
                <Precinct name="Shaler Ward 1 Dist 5" votes="1" />
                <Precinct name="Shaler Ward 2 Dist 1" votes="1" />
                <Precinct name="Shaler Ward 2 Dist 2" votes="0" />
                <Precinct name="Shaler Ward 2 Dist 3" votes="0" />
                <Precinct name="Shaler Ward 2 Dist 4" votes="0" />
                <Precinct name="Shaler Ward 2 Dist 5" votes="0" />
                <Precinct name="Shaler Ward 3 Dist 1" votes="0" />
                <Precinct name="Shaler Ward 3 Dist 2" votes="1" />
                <Precinct name="Shaler Ward 3 Dist 3" votes="0" />
                <Precinct name="Shaler Ward 3 Dist 4" votes="0" />
                <Precinct name="Shaler Ward 3 Dist 5" votes="0" />
                <Precinct name="Shaler Ward 4 Dist 1" votes="0" />
                <Precinct name="Shaler Ward 4 Dist 2" votes="0" />
                <Precinct name="Shaler Ward 4 Dist 3" votes="0" />
                <Precinct name="Shaler Ward 4 Dist 4" votes="0" />
                <Precinct name="Shaler Ward 4 Dist 5" votes="0" />
                <Precinct name="Shaler Ward 5 Dist 1" votes="0" />
                <Precinct name="Shaler Ward 5 Dist 2" votes="0" />
                <Precinct name="Shaler Ward 5 Dist 3" votes="0" />
                <Precinct name="Shaler Ward 5 Dist 4" votes="0" />
                <Precinct name="Shaler Ward 5 Dist 5" votes="0" />
                <Precinct name="Shaler Ward 6 Dist 1" votes="0" />
                <Precinct name="Shaler Ward 6 Dist 2" votes="0" />
                <Precinct name="Shaler Ward 6 Dist 3" votes="0" />
                <Precinct name="Shaler Ward 6 Dist 4" votes="0" />
                <Precinct name="Shaler Ward 6 Dist 5" votes="0" />
                <Precinct name="Shaler Ward 7 Dist 1" votes="0" />
                <Precinct name="Shaler Ward 7 Dist 2" votes="0" />
                <Precinct name="Shaler Ward 7 Dist 3" votes="0" />
                <Precinct name="Shaler Ward 7 Dist 4" votes="0" />
            </VoteType>
            <VoteType name="Provisional" votes="0">
                <Precinct name="Etna Ward 1" votes="0" />
                <Precinct name="Etna Ward 2" votes="0" />
                <Precinct name="Etna Ward 3" votes="0" />
                <Precinct name="Millvale Dist 1" votes="0" />
                <Precinct name="Millvale Dist 2" votes="0" />
                <Precinct name="Millvale Dist 3" votes="0" />
                <Precinct name="Millvale Dist 4" votes="0" />
                <Precinct name="Millvale Dist 5" votes="0" />
                <Precinct name="Pittsburgh Ward 2 Dist 2" votes="0" />
                <Precinct name="Pittsburgh Ward 6 Dist 1" votes="0" />
                <Precinct name="Pittsburgh Ward 6 Dist 2" votes="0" />
                <Precinct name="Pittsburgh Ward 6 Dist 3" votes="0" />
                <Precinct name="Pittsburgh Ward 6 Dist 4" votes="0" />
                <Precinct name="Pittsburgh Ward 6 Dist 5" votes="0" />
                <Precinct name="Pittsburgh Ward 9 Dist 1" votes="0" />
                <Precinct name="Pittsburgh Ward 9 Dist 2" votes="0" />
                <Precinct name="Pittsburgh Ward 9 Dist 3" votes="0" />
                <Precinct name="Pittsburgh Ward 9 Dist 4" votes="0" />
                <Precinct name="Pittsburgh Ward 9 Dist 5" votes="0" />
                <Precinct name="Pittsburgh Ward 9 Dist 6" votes="0" />
                <Precinct name="Pittsburgh Ward 9 Dist 7" votes="0" />
                <Precinct name="Pittsburgh Ward 9 Dist 8" votes="0" />
                <Precinct name="Pittsburgh Ward 9 Dist 9" votes="0" />
                <Precinct name="Pittsburgh Ward 10 Dist 1" votes="0" />
                <Precinct name="Pittsburgh Ward 10 Dist 2" votes="0" />
                <Precinct name="Pittsburgh Ward 10 Dist 3" votes="0" />
                <Precinct name="Pittsburgh Ward 10 Dist 4" votes="0" />
                <Precinct name="Pittsburgh Ward 10 Dist 5" votes="0" />
                <Precinct name="Pittsburgh Ward 10 Dist 6" votes="0" />
                <Precinct name="Pittsburgh Ward 10 Dist 7" votes="0" />
                <Precinct name="Pittsburgh Ward 10 Dist 10" votes="0" />
                <Precinct name="Pittsburgh Ward 23 Dist 1" votes="0" />
                <Precinct name="Pittsburgh Ward 23 Dist 3" votes="0" />
                <Precinct name="Pittsburgh Ward 24 Dist 1" votes="0" />
                <Precinct name="Pittsburgh Ward 24 Dist 2" votes="0" />
                <Precinct name="Pittsburgh Ward 24 Dist 3" votes="0" />
                <Precinct name="Pittsburgh Ward 24 Dist 4" votes="0" />
                <Precinct name="Pittsburgh Ward 24 Dist 5" votes="0" />
                <Precinct name="Pittsburgh Ward 24 Dist 6" votes="0" />
                <Precinct name="Pittsburgh Ward 26 Dist 9" votes="0" />
                <Precinct name="Pittsburgh Ward 26 Dist 17" votes="0" />
                <Precinct name="Reserve Ward 1" votes="0" />
                <Precinct name="Reserve Ward 2" votes="0" />
                <Precinct name="Reserve Ward 3" votes="0" />
                <Precinct name="Reserve Ward 4" votes="0" />
                <Precinct name="Shaler Ward 1 Dist 1" votes="0" />
                <Precinct name="Shaler Ward 1 Dist 2" votes="0" />
                <Precinct name="Shaler Ward 1 Dist 3" votes="0" />
                <Precinct name="Shaler Ward 1 Dist 4" votes="0" />
                <Precinct name="Shaler Ward 1 Dist 5" votes="0" />
                <Precinct name="Shaler Ward 2 Dist 1" votes="0" />
                <Precinct name="Shaler Ward 2 Dist 2" votes="0" />
                <Precinct name="Shaler Ward 2 Dist 3" votes="0" />
                <Precinct name="Shaler Ward 2 Dist 4" votes="0" />
                <Precinct name="Shaler Ward 2 Dist 5" votes="0" />
                <Precinct name="Shaler Ward 3 Dist 1" votes="0" />
                <Precinct name="Shaler Ward 3 Dist 2" votes="0" />
                <Precinct name="Shaler Ward 3 Dist 3" votes="0" />
                <Precinct name="Shaler Ward 3 Dist 4" votes="0" />
                <Precinct name="Shaler Ward 3 Dist 5" votes="0" />
                <Precinct name="Shaler Ward 4 Dist 1" votes="0" />
                <Precinct name="Shaler Ward 4 Dist 2" votes="0" />
                <Precinct name="Shaler Ward 4 Dist 3" votes="0" />
                <Precinct name="Shaler Ward 4 Dist 4" votes="0" />
                <Precinct name="Shaler Ward 4 Dist 5" votes="0" />
                <Precinct name="Shaler Ward 5 Dist 1" votes="0" />
                <Precinct name="Shaler Ward 5 Dist 2" votes="0" />
                <Precinct name="Shaler Ward 5 Dist 3" votes="0" />
                <Precinct name="Shaler Ward 5 Dist 4" votes="0" />
                <Precinct name="Shaler Ward 5 Dist 5" votes="0" />
                <Precinct name="Shaler Ward 6 Dist 1" votes="0" />
                <Precinct name="Shaler Ward 6 Dist 2" votes="0" />
                <Precinct name="Shaler Ward 6 Dist 3" votes="0" />
                <Precinct name="Shaler Ward 6 Dist 4" votes="0" />
                <Precinct name="Shaler Ward 6 Dist 5" votes="0" />
                <Precinct name="Shaler Ward 7 Dist 1" votes="0" />
                <Precinct name="Shaler Ward 7 Dist 2" votes="0" />
                <Precinct name="Shaler Ward 7 Dist 3" votes="0" />
                <Precinct name="Shaler Ward 7 Dist 4" votes="0" />
            </VoteType>
        </Choice>
    </Contest>
</ElectionResult>